Data/Hora,Liga,Jogo,Casa,Seleção,Odd Casa,Odd Justa,Odd Limite,Edge,ROI,Stake,Achado_em,Vencedor_Partida,Status_Aposta,Aposta_Realizada,Odd_Real,Stake_Real,Data_Resolucao
13/03 16:30,Futebol - Bundesliga (ALE),Borussia Monchengladbach x FC St. Pauli,Betfair,FC St. Pauli,5.0,4.39,4.93,2.79,13.94,R$ 2.18,13/03/2026 16:46:19,Borussia Monchengladbach,Red ❌,False,0.0,0.0,
13/03 16:00,Futebol - Eredivisie (HOL),FC Zwolle x Groningen,Betfair,FC Zwolle,3.05,2.82,3.03,2.67,8.14,R$ 2.48,13/03/2026 16:46:19,Draw,Red ❌,False,0.0,0.0,
13/03 16:00,Futebol - Eredivisie (HOL),FC Zwolle x Groningen,Matchbook,FC Zwolle,3.1,2.82,3.03,3.2,9.92,R$ 2.95,13/03/2026 16:46:19,Draw,Red ❌,False,0.0,0.0,
13/03 16:00,Basquete - Euroleague,KK Crvena zvezda x Fenerbahce SK,MyBookie.ag,Fenerbahce SK,1.65,1.55,1.61,3.94,6.5,R$ 6.25,13/03/2026 16:46:19,KK Crvena zvezda,Red ❌,False,0.0,0.0,
13/03 16:30,Basquete - Euroleague,FC Barcelona Bàsquet x Hapoel Tel Aviv,Betfair,FC Barcelona Bàsquet,1.73,1.65,1.72,2.91,5.04,R$ 4.31,13/03/2026 16:46:19,Hapoel Tel Aviv,Red ❌,False,0.0,0.0,
13/03 16:30,Basquete - Euroleague,FC Barcelona Bàsquet x Hapoel Tel Aviv,Bovada,FC Barcelona Bàsquet,1.83,1.65,1.72,6.07,11.11,R$ 8.36,13/03/2026 16:46:19,Hapoel Tel Aviv,Red ❌,False,0.0,0.0,
13/03 17:01,Futebol - La Liga (ESP),Alavés x Villarreal,Matchbook,Villarreal,2.34,2.2,2.33,2.66,6.22,R$ 2.90,13/03/2026 17:13:39,Draw,Red ❌,False,0.0,0.0,
13/03 16:45,Futebol - Serie A (ITA),Torino x Parma,888sport,Torino,2.25,1.49,1.55,22.61,50.88,R$ 25.44,13/03/2026 17:13:39,Torino,Green ✅,False,0.0,0.0,
13/03 16:45,Futebol - Serie A (ITA),Torino x Parma,FanDuel,Torino,2.4,1.49,1.55,25.39,60.94,R$ 27.21,13/03/2026 17:13:39,Torino,Green ✅,False,0.0,0.0,
13/03 16:45,Futebol - Serie A (ITA),Torino x Parma,Sky Bet,Torino,2.4,1.49,1.55,25.39,60.94,R$ 27.21,13/03/2026 17:13:39,Torino,Green ✅,False,0.0,0.0,
13/03 16:45,Futebol - Serie A (ITA),Torino x Parma,Paddy Power,Torino,2.38,1.49,1.55,25.04,59.6,R$ 26.99,13/03/2026 17:13:39,Torino,Green ✅,False,0.0,0.0,
13/03 16:45,Futebol - Serie A (ITA),Torino x Parma,Betsson,Torino,2.25,1.49,1.55,22.61,50.88,R$ 25.44,13/03/2026 17:13:39,Torino,Green ✅,False,0.0,0.0,
13/03 16:45,Futebol - Serie A (ITA),Torino x Parma,Nordic Bet,Torino,2.25,1.49,1.55,22.61,50.88,R$ 25.44,13/03/2026 17:13:39,Torino,Green ✅,False,0.0,0.0,
13/03 16:45,Futebol - Serie A (ITA),Torino x Parma,Casumo,Torino,2.5,1.49,1.55,27.06,67.65,R$ 28.19,13/03/2026 17:13:39,Torino,Green ✅,False,0.0,0.0,
13/03 16:45,Futebol - Serie A (ITA),Torino x Parma,Virgin Bet,Torino,2.48,1.49,1.55,26.74,66.3,R$ 28.00,13/03/2026 17:13:39,Torino,Green ✅,False,0.0,0.0,
13/03 16:45,Futebol - Serie A (ITA),Torino x Parma,Bovada,Torino,2.3,1.49,1.55,23.58,54.23,R$ 26.07,13/03/2026 17:13:39,Torino,Green ✅,False,0.0,0.0,
13/03 16:45,Futebol - Serie A (ITA),Torino x Parma,BoyleSports,Torino,2.38,1.49,1.55,25.04,59.6,R$ 26.99,13/03/2026 17:13:39,Torino,Green ✅,False,0.0,0.0,
13/03 16:45,Futebol - Serie A (ITA),Torino x Parma,Betfair,Torino,2.44,1.49,1.55,26.07,63.62,R$ 27.61,13/03/2026 17:13:39,Torino,Green ✅,False,0.0,0.0,
13/03 16:45,Futebol - Serie A (ITA),Torino x Parma,DraftKings,Torino,2.35,1.49,1.55,24.51,57.59,R$ 26.66,13/03/2026 17:13:39,Torino,Green ✅,False,0.0,0.0,
13/03 16:45,Futebol - Serie A (ITA),Torino x Parma,Matchbook,Torino,2.5,1.49,1.55,27.06,67.65,R$ 28.19,13/03/2026 17:13:39,Torino,Green ✅,False,0.0,0.0,
13/03 16:45,Futebol - Serie A (ITA),Torino x Parma,Coral,Torino,2.45,1.49,1.55,26.24,64.29,R$ 27.71,13/03/2026 17:13:39,Torino,Green ✅,False,0.0,0.0,
13/03 16:45,Futebol - Serie A (ITA),Torino x Parma,BetMGM,Torino,2.45,1.49,1.55,26.24,64.29,R$ 27.71,13/03/2026 17:13:39,Torino,Green ✅,False,0.0,0.0,
13/03 16:45,Futebol - Serie A (ITA),Torino x Parma,Coolbet,Torino,2.38,1.49,1.55,25.04,59.6,R$ 26.99,13/03/2026 17:13:39,Torino,Green ✅,False,0.0,0.0,
13/03 16:30,Futebol - Bundesliga (ALE),Borussia Monchengladbach x FC St. Pauli,888sport,FC St. Pauli,8.5,3.85,4.26,14.23,120.94,R$ 10.08,13/03/2026 17:13:39,Borussia Monchengladbach,Red ❌,False,0.0,0.0,
13/03 16:30,Futebol - Bundesliga (ALE),Borussia Monchengladbach x FC St. Pauli,888sport,Draw,4.0,2.72,2.92,11.71,46.85,R$ 9.76,13/03/2026 17:13:39,Borussia Monchengladbach,Red ❌,False,0.0,0.0,
13/03 16:30,Futebol - Bundesliga (ALE),Borussia Monchengladbach x FC St. Pauli,Nordic Bet,FC St. Pauli,9.6,3.85,4.26,15.58,149.53,R$ 10.87,13/03/2026 17:13:39,Borussia Monchengladbach,Red ❌,False,0.0,0.0,
13/03 16:30,Futebol - Bundesliga (ALE),Borussia Monchengladbach x FC St. Pauli,Nordic Bet,Draw,4.1,2.72,2.92,12.32,50.53,R$ 10.19,13/03/2026 17:13:39,Borussia Monchengladbach,Red ❌,False,0.0,0.0,
13/03 16:30,Futebol - Bundesliga (ALE),Borussia Monchengladbach x FC St. Pauli,Coolbet,FC St. Pauli,10.0,3.85,4.26,15.99,159.93,R$ 11.11,13/03/2026 17:13:39,Borussia Monchengladbach,Red ❌,False,0.0,0.0,
13/03 16:30,Futebol - Bundesliga (ALE),Borussia Monchengladbach x FC St. Pauli,Coolbet,Draw,4.45,2.72,2.92,14.24,63.37,R$ 11.48,13/03/2026 17:13:39,Borussia Monchengladbach,Red ❌,False,0.0,0.0,
13/03 16:30,Futebol - Bundesliga (ALE),Borussia Monchengladbach x FC St. Pauli,Betsson,FC St. Pauli,9.6,3.85,4.26,15.58,149.53,R$ 10.87,13/03/2026 17:13:39,Borussia Monchengladbach,Red ❌,False,0.0,0.0,
13/03 16:30,Futebol - Bundesliga (ALE),Borussia Monchengladbach x FC St. Pauli,Betsson,Draw,4.2,2.72,2.92,12.9,54.2,R$ 10.59,13/03/2026 17:13:39,Borussia Monchengladbach,Red ❌,False,0.0,0.0,
13/03 16:30,Futebol - Bundesliga (ALE),Borussia Monchengladbach x FC St. Pauli,FanDuel,FC St. Pauli,9.5,3.85,4.26,15.47,146.93,R$ 10.80,13/03/2026 17:13:39,Borussia Monchengladbach,Red ❌,False,0.0,0.0,
13/03 16:30,Futebol - Bundesliga (ALE),Borussia Monchengladbach x FC St. Pauli,FanDuel,Draw,4.6,2.72,2.92,14.97,68.88,R$ 11.96,13/03/2026 17:13:39,Borussia Monchengladbach,Red ❌,False,0.0,0.0,
13/03 16:30,Futebol - Bundesliga (ALE),Borussia Monchengladbach x FC St. Pauli,Sky Bet,FC St. Pauli,10.0,3.85,4.26,15.99,159.93,R$ 11.11,13/03/2026 17:13:39,Borussia Monchengladbach,Red ❌,False,0.0,0.0,
13/03 16:30,Futebol - Bundesliga (ALE),Borussia Monchengladbach x FC St. Pauli,Sky Bet,Draw,4.75,2.72,2.92,15.66,74.39,R$ 12.40,13/03/2026 17:13:39,Borussia Monchengladbach,Red ❌,False,0.0,0.0,
13/03 16:30,Futebol - Bundesliga (ALE),Borussia Monchengladbach x FC St. Pauli,Paddy Power,FC St. Pauli,10.0,3.85,4.26,15.99,159.93,R$ 11.11,13/03/2026 17:13:39,Borussia Monchengladbach,Red ❌,False,0.0,0.0,
13/03 16:30,Futebol - Bundesliga (ALE),Borussia Monchengladbach x FC St. Pauli,Paddy Power,Draw,4.2,2.72,2.92,12.9,54.2,R$ 10.59,13/03/2026 17:13:39,Borussia Monchengladbach,Red ❌,False,0.0,0.0,
13/03 16:30,Futebol - Bundesliga (ALE),Borussia Monchengladbach x FC St. Pauli,Betfair,FC St. Pauli,12.0,3.85,4.26,17.66,211.91,R$ 12.04,13/03/2026 17:13:39,Borussia Monchengladbach,Red ❌,False,0.0,0.0,
13/03 16:30,Futebol - Bundesliga (ALE),Borussia Monchengladbach x FC St. Pauli,Betfair,Draw,4.9,2.72,2.92,16.31,79.9,R$ 12.80,13/03/2026 17:13:39,Borussia Monchengladbach,Red ❌,False,0.0,0.0,
13/03 16:30,Futebol - Bundesliga (ALE),Borussia Monchengladbach x FC St. Pauli,Coral,FC St. Pauli,9.5,3.85,4.26,15.47,146.93,R$ 10.80,13/03/2026 17:13:39,Borussia Monchengladbach,Red ❌,False,0.0,0.0,
13/03 16:30,Futebol - Bundesliga (ALE),Borussia Monchengladbach x FC St. Pauli,Coral,Draw,4.2,2.72,2.92,12.9,54.2,R$ 10.59,13/03/2026 17:13:39,Borussia Monchengladbach,Red ❌,False,0.0,0.0,
13/03 16:30,Futebol - Bundesliga (ALE),Borussia Monchengladbach x FC St. Pauli,BetMGM,FC St. Pauli,10.0,3.85,4.26,15.99,159.93,R$ 11.11,13/03/2026 17:13:39,Borussia Monchengladbach,Red ❌,False,0.0,0.0,
13/03 16:30,Futebol - Bundesliga (ALE),Borussia Monchengladbach x FC St. Pauli,BetMGM,Draw,4.33,2.72,2.92,13.62,58.97,R$ 11.07,13/03/2026 17:13:39,Borussia Monchengladbach,Red ❌,False,0.0,0.0,
13/03 16:30,Futebol - Bundesliga (ALE),Borussia Monchengladbach x FC St. Pauli,Casumo,FC St. Pauli,11.5,3.85,4.26,17.3,198.92,R$ 11.84,13/03/2026 17:13:39,Borussia Monchengladbach,Red ❌,False,0.0,0.0,
13/03 16:30,Futebol - Bundesliga (ALE),Borussia Monchengladbach x FC St. Pauli,Casumo,Draw,4.25,2.72,2.92,13.18,56.03,R$ 10.78,13/03/2026 17:13:39,Borussia Monchengladbach,Red ❌,False,0.0,0.0,
13/03 16:30,Futebol - Bundesliga (ALE),Borussia Monchengladbach x FC St. Pauli,Virgin Bet,FC St. Pauli,12.0,3.85,4.26,17.66,211.91,R$ 12.04,13/03/2026 17:13:39,Borussia Monchengladbach,Red ❌,False,0.0,0.0,
13/03 16:30,Futebol - Bundesliga (ALE),Borussia Monchengladbach x FC St. Pauli,Virgin Bet,Draw,4.2,2.72,2.92,12.9,54.2,R$ 10.59,13/03/2026 17:13:39,Borussia Monchengladbach,Red ❌,False,0.0,0.0,
13/03 16:30,Futebol - Bundesliga (ALE),Borussia Monchengladbach x FC St. Pauli,Bovada,FC St. Pauli,10.0,3.85,4.26,15.99,159.93,R$ 11.11,13/03/2026 17:13:39,Borussia Monchengladbach,Red ❌,False,0.0,0.0,
13/03 16:30,Futebol - Bundesliga (ALE),Borussia Monchengladbach x FC St. Pauli,Bovada,Draw,4.3,2.72,2.92,13.46,57.87,R$ 10.96,13/03/2026 17:13:39,Borussia Monchengladbach,Red ❌,False,0.0,0.0,
13/03 16:30,Futebol - Bundesliga (ALE),Borussia Monchengladbach x FC St. Pauli,DraftKings,FC St. Pauli,10.0,3.85,4.26,15.99,159.93,R$ 11.11,13/03/2026 17:13:39,Borussia Monchengladbach,Red ❌,False,0.0,0.0,
13/03 16:30,Futebol - Bundesliga (ALE),Borussia Monchengladbach x FC St. Pauli,DraftKings,Draw,4.3,2.72,2.92,13.46,57.87,R$ 10.96,13/03/2026 17:13:39,Borussia Monchengladbach,Red ❌,False,0.0,0.0,
13/03 16:30,Futebol - Bundesliga (ALE),Borussia Monchengladbach x FC St. Pauli,BoyleSports,FC St. Pauli,10.0,3.85,4.26,15.99,159.93,R$ 11.11,13/03/2026 17:13:39,Borussia Monchengladbach,Red ❌,False,0.0,0.0,
13/03 16:30,Futebol - Bundesliga (ALE),Borussia Monchengladbach x FC St. Pauli,BoyleSports,Draw,4.2,2.72,2.92,12.9,54.2,R$ 10.59,13/03/2026 17:13:39,Borussia Monchengladbach,Red ❌,False,0.0,0.0,
13/03 16:30,Futebol - Bundesliga (ALE),Borussia Monchengladbach x FC St. Pauli,Matchbook,FC St. Pauli,12.0,3.85,4.26,17.66,211.91,R$ 12.04,13/03/2026 17:13:39,Borussia Monchengladbach,Red ❌,False,0.0,0.0,
13/03 16:30,Futebol - Bundesliga (ALE),Borussia Monchengladbach x FC St. Pauli,Matchbook,Draw,4.7,2.72,2.92,15.44,72.55,R$ 12.26,13/03/2026 17:13:39,Borussia Monchengladbach,Red ❌,False,0.0,0.0,
13/03 16:00,Basquete - Euroleague,KK Crvena zvezda x Fenerbahce SK,Coolbet,Fenerbahce SK,1.57,1.34,1.39,10.81,16.97,R$ 18.61,13/03/2026 17:13:39,KK Crvena zvezda,Red ❌,False,0.0,0.0,
13/03 16:00,Basquete - Euroleague,KK Crvena zvezda x Fenerbahce SK,888sport,Fenerbahce SK,1.4,1.34,1.39,3.07,4.3,R$ 6.72,13/03/2026 17:13:39,KK Crvena zvezda,Red ❌,False,0.0,0.0,
13/03 16:00,Basquete - Euroleague,KK Crvena zvezda x Fenerbahce SK,BoyleSports,Fenerbahce SK,1.47,1.34,1.39,6.47,9.52,R$ 12.66,13/03/2026 17:13:39,KK Crvena zvezda,Red ❌,False,0.0,0.0,
13/03 16:00,Basquete - Euroleague,KK Crvena zvezda x Fenerbahce SK,BetRivers,Fenerbahce SK,1.41,1.34,1.39,3.58,5.05,R$ 7.69,13/03/2026 17:13:39,KK Crvena zvezda,Red ❌,False,0.0,0.0,
13/03 16:00,Basquete - Euroleague,KK Crvena zvezda x Fenerbahce SK,Bovada,Fenerbahce SK,1.45,1.34,1.39,5.54,8.03,R$ 11.15,13/03/2026 17:13:39,KK Crvena zvezda,Red ❌,False,0.0,0.0,
13/03 16:30,Basquete - Euroleague,FC Barcelona Bàsquet x Hapoel Tel Aviv,Coolbet,FC Barcelona Bàsquet,2.07,1.92,2.01,3.83,7.93,R$ 4.63,13/03/2026 17:13:39,Hapoel Tel Aviv,Red ❌,False,0.0,0.0,
13/03 16:30,Basquete - Euroleague,FC Barcelona Bàsquet x Hapoel Tel Aviv,FanDuel,FC Barcelona Bàsquet,2.05,1.92,2.01,3.36,6.89,R$ 4.10,13/03/2026 17:13:39,Hapoel Tel Aviv,Red ❌,False,0.0,0.0,
13/03 16:30,Basquete - Euroleague,FC Barcelona Bàsquet x Hapoel Tel Aviv,MyBookie.ag,FC Barcelona Bàsquet,2.1,1.92,2.01,4.52,9.49,R$ 5.39,13/03/2026 17:13:39,Hapoel Tel Aviv,Red ❌,False,0.0,0.0,
13/03 16:30,Basquete - Euroleague,FC Barcelona Bàsquet x Hapoel Tel Aviv,Paddy Power,FC Barcelona Bàsquet,2.1,1.92,2.01,4.52,9.49,R$ 5.39,13/03/2026 17:13:39,Hapoel Tel Aviv,Red ❌,False,0.0,0.0,
13/03 16:30,Basquete - Euroleague,FC Barcelona Bàsquet x Hapoel Tel Aviv,Betfair,FC Barcelona Bàsquet,2.22,1.92,2.01,7.09,15.75,R$ 8.07,13/03/2026 17:13:39,Hapoel Tel Aviv,Red ❌,False,0.0,0.0,
13/03 16:30,Basquete - Euroleague,FC Barcelona Bàsquet x Hapoel Tel Aviv,BetMGM,FC Barcelona Bàsquet,2.05,1.92,2.01,3.36,6.89,R$ 4.10,13/03/2026 17:13:39,Hapoel Tel Aviv,Red ❌,False,0.0,0.0,
13/03 16:30,Basquete - Euroleague,FC Barcelona Bàsquet x Hapoel Tel Aviv,DraftKings,FC Barcelona Bàsquet,2.05,1.92,2.01,3.36,6.89,R$ 4.10,13/03/2026 17:13:39,Hapoel Tel Aviv,Red ❌,False,0.0,0.0,
13/03 16:30,Basquete - Euroleague,FC Barcelona Bàsquet x Hapoel Tel Aviv,Bovada,FC Barcelona Bàsquet,2.15,1.92,2.01,5.63,12.1,R$ 6.58,13/03/2026 17:13:39,Hapoel Tel Aviv,Red ❌,False,0.0,0.0,
13/03 16:30,Basquete - Euroleague,FC Barcelona Bàsquet x Hapoel Tel Aviv,Matchbook,FC Barcelona Bàsquet,2.18,1.92,2.01,6.27,13.66,R$ 7.24,13/03/2026 17:13:39,Hapoel Tel Aviv,Red ❌,False,0.0,0.0,
13/03 16:30,Basquete - Euroleague,Pallacanestro Olimpia Milano x Maccabi Tel Aviv,Coolbet,Maccabi Tel Aviv,3.67,2.64,2.82,10.68,39.21,R$ 9.18,13/03/2026 17:13:39,Pallacanestro Olimpia Milano,Red ❌,False,0.0,0.0,
13/03 16:30,Basquete - Euroleague,Pallacanestro Olimpia Milano x Maccabi Tel Aviv,888sport,Maccabi Tel Aviv,3.75,2.64,2.82,11.26,42.24,R$ 9.60,13/03/2026 17:13:39,Pallacanestro Olimpia Milano,Red ❌,False,0.0,0.0,
13/03 16:30,Basquete - Euroleague,Pallacanestro Olimpia Milano x Maccabi Tel Aviv,MyBookie.ag,Maccabi Tel Aviv,3.55,2.64,2.82,9.76,34.66,R$ 8.49,13/03/2026 17:13:39,Pallacanestro Olimpia Milano,Red ❌,False,0.0,0.0,
13/03 16:30,Basquete - Euroleague,Pallacanestro Olimpia Milano x Maccabi Tel Aviv,FanDuel,Maccabi Tel Aviv,3.9,2.64,2.82,12.29,47.93,R$ 10.33,13/03/2026 17:13:39,Pallacanestro Olimpia Milano,Red ❌,False,0.0,0.0,
13/03 16:30,Basquete - Euroleague,Pallacanestro Olimpia Milano x Maccabi Tel Aviv,Paddy Power,Maccabi Tel Aviv,3.2,2.64,2.82,6.68,21.38,R$ 6.07,13/03/2026 17:13:39,Pallacanestro Olimpia Milano,Red ❌,False,0.0,0.0,
13/03 16:30,Basquete - Euroleague,Pallacanestro Olimpia Milano x Maccabi Tel Aviv,Betfair,Maccabi Tel Aviv,3.7,2.64,2.82,10.9,40.34,R$ 9.34,13/03/2026 17:13:39,Pallacanestro Olimpia Milano,Red ❌,False,0.0,0.0,
13/03 16:30,Basquete - Euroleague,Pallacanestro Olimpia Milano x Maccabi Tel Aviv,BoyleSports,Maccabi Tel Aviv,3.6,2.64,2.82,10.15,36.55,R$ 8.79,13/03/2026 17:13:39,Pallacanestro Olimpia Milano,Red ❌,False,0.0,0.0,
13/03 16:30,Basquete - Euroleague,Pallacanestro Olimpia Milano x Maccabi Tel Aviv,Betsson,Maccabi Tel Aviv,4.0,2.64,2.82,12.93,51.72,R$ 10.78,13/03/2026 17:13:39,Pallacanestro Olimpia Milano,Red ❌,False,0.0,0.0,
13/03 16:30,Basquete - Euroleague,Pallacanestro Olimpia Milano x Maccabi Tel Aviv,Nordic Bet,Maccabi Tel Aviv,4.0,2.64,2.82,12.93,51.72,R$ 10.78,13/03/2026 17:13:39,Pallacanestro Olimpia Milano,Red ❌,False,0.0,0.0,
13/03 16:30,Basquete - Euroleague,Pallacanestro Olimpia Milano x Maccabi Tel Aviv,BetMGM,Maccabi Tel Aviv,3.3,2.64,2.82,7.63,25.17,R$ 6.84,13/03/2026 17:13:39,Pallacanestro Olimpia Milano,Red ❌,False,0.0,0.0,
13/03 16:30,Basquete - Euroleague,Pallacanestro Olimpia Milano x Maccabi Tel Aviv,BetRivers,Maccabi Tel Aviv,4.2,2.64,2.82,14.12,59.31,R$ 11.58,13/03/2026 17:13:39,Pallacanestro Olimpia Milano,Red ❌,False,0.0,0.0,
13/03 16:30,Basquete - Euroleague,Pallacanestro Olimpia Milano x Maccabi Tel Aviv,Coral,Maccabi Tel Aviv,3.7,2.64,2.82,10.9,40.34,R$ 9.34,13/03/2026 17:13:39,Pallacanestro Olimpia Milano,Red ❌,False,0.0,0.0,
13/03 16:30,Basquete - Euroleague,Pallacanestro Olimpia Milano x Maccabi Tel Aviv,DraftKings,Maccabi Tel Aviv,3.9,2.64,2.82,12.29,47.93,R$ 10.33,13/03/2026 17:13:39,Pallacanestro Olimpia Milano,Red ❌,False,0.0,0.0,
13/03 16:30,Basquete - Euroleague,Pallacanestro Olimpia Milano x Maccabi Tel Aviv,Bovada,Maccabi Tel Aviv,3.8,2.64,2.82,11.62,44.14,R$ 9.85,13/03/2026 17:13:39,Pallacanestro Olimpia Milano,Red ❌,False,0.0,0.0,
13/03 16:30,Basquete - Euroleague,Pallacanestro Olimpia Milano x Maccabi Tel Aviv,Matchbook,Maccabi Tel Aviv,3.9,2.64,2.82,12.29,47.93,R$ 10.33,13/03/2026 17:13:39,Pallacanestro Olimpia Milano,Red ❌,False,0.0,0.0,
13/03 16:30,Futebol - Bundesliga (ALE),Borussia Monchengladbach x FC St. Pauli,Virgin Bet,FC St. Pauli,76.0,20.57,42.37,3.54,269.39,R$ 2.24,13/03/2026 17:53:06,Borussia Monchengladbach,Red ❌,False,0.0,0.0,
13/03 16:30,Futebol - Bundesliga (ALE),Borussia Monchengladbach x FC St. Pauli,Virgin Bet,Draw,18.0,5.03,5.75,14.32,257.84,R$ 9.48,13/03/2026 17:53:06,Borussia Monchengladbach,Red ❌,False,0.0,0.0,
13/03 16:30,Futebol - Bundesliga (ALE),Borussia Monchengladbach x FC St. Pauli,DraftKings,Draw,15.0,5.03,5.75,13.21,198.2,R$ 8.85,13/03/2026 17:53:06,Borussia Monchengladbach,Red ❌,False,0.0,0.0,
13/03 16:30,Futebol - Bundesliga (ALE),Borussia Monchengladbach x FC St. Pauli,Matchbook,FC St. Pauli,60.0,20.57,42.37,3.19,191.63,R$ 2.03,13/03/2026 17:53:06,Borussia Monchengladbach,Red ❌,False,0.0,0.0,
13/03 16:30,Futebol - Bundesliga (ALE),Borussia Monchengladbach x FC St. Pauli,Matchbook,Draw,16.0,5.03,5.75,13.63,218.08,R$ 9.09,13/03/2026 17:53:06,Borussia Monchengladbach,Red ❌,False,0.0,0.0,
13/03 16:00,Futebol - Eredivisie (HOL),FC Zwolle x Groningen,FanDuel,FC Zwolle,16.0,5.66,6.59,11.42,182.74,R$ 7.61,13/03/2026 17:53:06,Draw,Red ❌,False,0.0,0.0,
13/03 16:00,Futebol - Eredivisie (HOL),FC Zwolle x Groningen,FanDuel,Groningen,13.0,6.0,7.06,8.98,116.76,R$ 6.08,13/03/2026 17:53:06,Draw,Red ❌,False,0.0,0.0,
13/03 16:00,Futebol - Eredivisie (HOL),FC Zwolle x Groningen,Coolbet,FC Zwolle,11.0,5.66,6.59,8.58,94.39,R$ 5.90,13/03/2026 17:53:06,Draw,Red ❌,False,0.0,0.0,
13/03 16:00,Futebol - Eredivisie (HOL),FC Zwolle x Groningen,Coolbet,Groningen,11.0,6.0,7.06,7.58,83.42,R$ 5.21,13/03/2026 17:53:06,Draw,Red ❌,False,0.0,0.0,
13/03 16:00,Futebol - Eredivisie (HOL),FC Zwolle x Groningen,Paddy Power,FC Zwolle,17.0,5.66,6.59,11.79,200.41,R$ 7.83,13/03/2026 17:53:06,Draw,Red ❌,False,0.0,0.0,
13/03 16:00,Futebol - Eredivisie (HOL),FC Zwolle x Groningen,Paddy Power,Groningen,13.0,6.0,7.06,8.98,116.76,R$ 6.08,13/03/2026 17:53:06,Draw,Red ❌,False,0.0,0.0,
13/03 16:00,Futebol - Eredivisie (HOL),FC Zwolle x Groningen,Sky Bet,FC Zwolle,17.0,5.66,6.59,11.79,200.41,R$ 7.83,13/03/2026 17:53:06,Draw,Red ❌,False,0.0,0.0,
13/03 16:00,Futebol - Eredivisie (HOL),FC Zwolle x Groningen,Sky Bet,Groningen,11.0,6.0,7.06,7.58,83.42,R$ 5.21,13/03/2026 17:53:06,Draw,Red ❌,False,0.0,0.0,
13/03 16:00,Futebol - Eredivisie (HOL),FC Zwolle x Groningen,888sport,FC Zwolle,15.0,5.66,6.59,11.0,165.07,R$ 7.37,13/03/2026 17:53:06,Draw,Red ❌,False,0.0,0.0,
13/03 16:00,Futebol - Eredivisie (HOL),FC Zwolle x Groningen,888sport,Groningen,13.0,6.0,7.06,8.98,116.76,R$ 6.08,13/03/2026 17:53:06,Draw,Red ❌,False,0.0,0.0,
13/03 16:00,Futebol - Eredivisie (HOL),FC Zwolle x Groningen,BoyleSports,FC Zwolle,17.0,5.66,6.59,11.79,200.41,R$ 7.83,13/03/2026 17:53:06,Draw,Red ❌,False,0.0,0.0,
13/03 16:00,Futebol - Eredivisie (HOL),FC Zwolle x Groningen,BoyleSports,Groningen,15.0,6.0,7.06,10.01,150.11,R$ 6.70,13/03/2026 17:53:06,Draw,Red ❌,False,0.0,0.0,
13/03 16:00,Futebol - Eredivisie (HOL),FC Zwolle x Groningen,Virgin Bet,FC Zwolle,19.0,5.66,6.59,12.41,235.76,R$ 8.19,13/03/2026 17:53:06,Draw,Red ❌,False,0.0,0.0,
13/03 16:00,Futebol - Eredivisie (HOL),FC Zwolle x Groningen,Virgin Bet,Groningen,19.0,6.0,7.06,11.41,216.81,R$ 7.53,13/03/2026 17:53:06,Draw,Red ❌,False,0.0,0.0,
13/03 16:00,Futebol - Eredivisie (HOL),FC Zwolle x Groningen,Casumo,FC Zwolle,21.0,5.66,6.59,12.91,271.1,R$ 8.47,13/03/2026 17:53:06,Draw,Red ❌,False,0.0,0.0,
13/03 16:00,Futebol - Eredivisie (HOL),FC Zwolle x Groningen,Casumo,Groningen,25.0,6.0,7.06,12.67,316.85,R$ 8.25,13/03/2026 17:53:06,Draw,Red ❌,False,0.0,0.0,
13/03 16:00,Futebol - Eredivisie (HOL),FC Zwolle x Groningen,Coral,FC Zwolle,12.0,5.66,6.59,9.34,112.06,R$ 6.37,13/03/2026 17:53:06,Draw,Red ❌,False,0.0,0.0,
13/03 16:00,Futebol - Eredivisie (HOL),FC Zwolle x Groningen,Coral,Groningen,11.0,6.0,7.06,7.58,83.42,R$ 5.21,13/03/2026 17:53:06,Draw,Red ❌,False,0.0,0.0,
13/03 16:00,Futebol - Eredivisie (HOL),FC Zwolle x Groningen,Betfair,FC Zwolle,18.5,5.66,6.59,12.27,226.92,R$ 8.10,13/03/2026 17:53:06,Draw,Red ❌,False,0.0,0.0,
13/03 16:00,Futebol - Eredivisie (HOL),FC Zwolle x Groningen,Betfair,Groningen,13.0,6.0,7.06,8.98,116.76,R$ 6.08,13/03/2026 17:53:06,Draw,Red ❌,False,0.0,0.0,
13/03 16:00,Futebol - Eredivisie (HOL),FC Zwolle x Groningen,DraftKings,FC Zwolle,12.0,5.66,6.59,9.34,112.06,R$ 6.37,13/03/2026 17:53:06,Draw,Red ❌,False,0.0,0.0,
13/03 16:00,Futebol - Eredivisie (HOL),FC Zwolle x Groningen,DraftKings,Groningen,17.0,6.0,7.06,10.79,183.46,R$ 7.17,13/03/2026 17:53:06,Draw,Red ❌,False,0.0,0.0,
13/03 16:00,Futebol - Eredivisie (HOL),FC Zwolle x Groningen,Bovada,FC Zwolle,15.0,5.66,6.59,11.0,165.07,R$ 7.37,13/03/2026 17:53:06,Draw,Red ❌,False,0.0,0.0,
13/03 16:00,Futebol - Eredivisie (HOL),FC Zwolle x Groningen,Bovada,Groningen,15.0,6.0,7.06,10.01,150.11,R$ 6.70,13/03/2026 17:53:06,Draw,Red ❌,False,0.0,0.0,
13/03 16:00,Futebol - Eredivisie (HOL),FC Zwolle x Groningen,Betsson,FC Zwolle,8.6,5.66,6.59,6.04,51.97,R$ 4.27,13/03/2026 17:53:06,Draw,Red ❌,False,0.0,0.0,
13/03 16:00,Futebol - Eredivisie (HOL),FC Zwolle x Groningen,Betsson,Groningen,8.6,6.0,7.06,5.05,43.4,R$ 3.57,13/03/2026 17:53:06,Draw,Red ❌,False,0.0,0.0,
13/03 16:00,Futebol - Eredivisie (HOL),FC Zwolle x Groningen,Nordic Bet,FC Zwolle,8.6,5.66,6.59,6.04,51.97,R$ 4.27,13/03/2026 17:53:06,Draw,Red ❌,False,0.0,0.0,
13/03 16:00,Futebol - Eredivisie (HOL),FC Zwolle x Groningen,Nordic Bet,Groningen,8.6,6.0,7.06,5.05,43.4,R$ 3.57,13/03/2026 17:53:06,Draw,Red ❌,False,0.0,0.0,
13/03 16:00,Futebol - Eredivisie (HOL),FC Zwolle x Groningen,Matchbook,FC Zwolle,18.5,5.66,6.59,12.27,226.92,R$ 8.10,13/03/2026 17:53:06,Draw,Red ❌,False,0.0,0.0,
13/03 16:00,Futebol - Eredivisie (HOL),FC Zwolle x Groningen,Matchbook,Groningen,13.5,6.0,7.06,9.27,125.1,R$ 6.26,13/03/2026 17:53:06,Draw,Red ❌,False,0.0,0.0,
13/03 16:00,Basquete - Euroleague,KK Crvena zvezda x Fenerbahce SK,Coolbet,KK Crvena zvezda,2.07,1.33,1.38,26.79,55.46,R$ 32.39,13/03/2026 17:53:06,KK Crvena zvezda,Green ✅,False,0.0,0.0,
13/03 16:00,Basquete - Euroleague,KK Crvena zvezda x Fenerbahce SK,888sport,KK Crvena zvezda,2.5,1.33,1.38,35.1,87.75,R$ 36.56,13/03/2026 17:53:06,KK Crvena zvezda,Green ✅,False,0.0,0.0,
13/03 16:00,Basquete - Euroleague,KK Crvena zvezda x Fenerbahce SK,FanDuel,KK Crvena zvezda,1.95,1.33,1.38,23.82,46.45,R$ 30.56,13/03/2026 17:53:06,KK Crvena zvezda,Green ✅,False,0.0,0.0,
13/03 16:00,Basquete - Euroleague,KK Crvena zvezda x Fenerbahce SK,Paddy Power,KK Crvena zvezda,2.5,1.33,1.38,35.1,87.75,R$ 36.56,13/03/2026 17:53:06,KK Crvena zvezda,Green ✅,False,0.0,0.0,
13/03 16:00,Basquete - Euroleague,KK Crvena zvezda x Fenerbahce SK,BoyleSports,KK Crvena zvezda,1.95,1.33,1.38,23.82,46.45,R$ 30.56,13/03/2026 17:53:06,KK Crvena zvezda,Green ✅,False,0.0,0.0,
13/03 16:00,Basquete - Euroleague,KK Crvena zvezda x Fenerbahce SK,Betfair,KK Crvena zvezda,2.32,1.33,1.38,32.0,74.23,R$ 35.15,13/03/2026 17:53:06,KK Crvena zvezda,Green ✅,False,0.0,0.0,
13/03 16:00,Basquete - Euroleague,KK Crvena zvezda x Fenerbahce SK,Nordic Bet,KK Crvena zvezda,2.15,1.33,1.38,28.59,61.47,R$ 33.41,13/03/2026 17:53:06,KK Crvena zvezda,Green ✅,False,0.0,0.0,
13/03 16:00,Basquete - Euroleague,KK Crvena zvezda x Fenerbahce SK,Betsson,KK Crvena zvezda,2.05,1.33,1.38,26.32,53.96,R$ 32.12,13/03/2026 17:53:06,KK Crvena zvezda,Green ✅,False,0.0,0.0,
13/03 16:00,Basquete - Euroleague,KK Crvena zvezda x Fenerbahce SK,BetMGM,KK Crvena zvezda,4.33,1.33,1.38,52.01,225.18,R$ 42.26,13/03/2026 17:53:06,KK Crvena zvezda,Green ✅,False,0.0,0.0,
13/03 16:00,Basquete - Euroleague,KK Crvena zvezda x Fenerbahce SK,BetRivers,KK Crvena zvezda,2.43,1.33,1.38,33.95,82.49,R$ 36.06,13/03/2026 17:53:06,KK Crvena zvezda,Green ✅,False,0.0,0.0,
13/03 16:00,Basquete - Euroleague,KK Crvena zvezda x Fenerbahce SK,Coral,KK Crvena zvezda,2.3,1.33,1.38,31.62,72.73,R$ 34.97,13/03/2026 17:53:06,KK Crvena zvezda,Green ✅,False,0.0,0.0,
13/03 16:00,Basquete - Euroleague,KK Crvena zvezda x Fenerbahce SK,DraftKings,KK Crvena zvezda,2.5,1.33,1.38,35.1,87.75,R$ 36.56,13/03/2026 17:53:06,KK Crvena zvezda,Green ✅,False,0.0,0.0,
13/03 16:00,Basquete - Euroleague,KK Crvena zvezda x Fenerbahce SK,Bovada,KK Crvena zvezda,1.95,1.33,1.38,23.82,46.45,R$ 30.56,13/03/2026 17:53:06,KK Crvena zvezda,Green ✅,False,0.0,0.0,
13/03 16:30,Basquete - Euroleague,FC Barcelona Bàsquet x Hapoel Tel Aviv,Coolbet,FC Barcelona Bàsquet,4.0,2.41,2.57,16.45,65.8,R$ 13.71,13/03/2026 17:53:06,Hapoel Tel Aviv,Red ❌,False,0.0,0.0,
13/03 16:30,Basquete - Euroleague,FC Barcelona Bàsquet x Hapoel Tel Aviv,888sport,FC Barcelona Bàsquet,3.75,2.41,2.57,14.78,55.44,R$ 12.60,13/03/2026 17:53:06,Hapoel Tel Aviv,Red ❌,False,0.0,0.0,
13/03 16:30,Basquete - Euroleague,FC Barcelona Bàsquet x Hapoel Tel Aviv,FanDuel,FC Barcelona Bàsquet,3.9,2.41,2.57,15.81,61.66,R$ 13.29,13/03/2026 17:53:06,Hapoel Tel Aviv,Red ❌,False,0.0,0.0,
13/03 16:30,Basquete - Euroleague,FC Barcelona Bàsquet x Hapoel Tel Aviv,Paddy Power,FC Barcelona Bàsquet,3.75,2.41,2.57,14.78,55.44,R$ 12.60,13/03/2026 17:53:06,Hapoel Tel Aviv,Red ❌,False,0.0,0.0,
13/03 16:30,Basquete - Euroleague,FC Barcelona Bàsquet x Hapoel Tel Aviv,Betfair,FC Barcelona Bàsquet,4.1,2.41,2.57,17.06,69.95,R$ 14.10,13/03/2026 17:53:06,Hapoel Tel Aviv,Red ❌,False,0.0,0.0,
13/03 16:30,Basquete - Euroleague,FC Barcelona Bàsquet x Hapoel Tel Aviv,Betsson,FC Barcelona Bàsquet,4.0,2.41,2.57,16.45,65.8,R$ 13.71,13/03/2026 17:53:06,Hapoel Tel Aviv,Red ❌,False,0.0,0.0,
13/03 16:30,Basquete - Euroleague,FC Barcelona Bàsquet x Hapoel Tel Aviv,Nordic Bet,FC Barcelona Bàsquet,4.0,2.41,2.57,16.45,65.8,R$ 13.71,13/03/2026 17:53:06,Hapoel Tel Aviv,Red ❌,False,0.0,0.0,
13/03 16:30,Basquete - Euroleague,FC Barcelona Bàsquet x Hapoel Tel Aviv,BetMGM,FC Barcelona Bàsquet,3.8,2.41,2.57,15.13,57.51,R$ 12.84,13/03/2026 17:53:06,Hapoel Tel Aviv,Red ❌,False,0.0,0.0,
13/03 16:30,Basquete - Euroleague,FC Barcelona Bàsquet x Hapoel Tel Aviv,BetRivers,FC Barcelona Bàsquet,3.85,2.41,2.57,15.48,59.59,R$ 13.07,13/03/2026 17:53:06,Hapoel Tel Aviv,Red ❌,False,0.0,0.0,
13/03 16:30,Basquete - Euroleague,FC Barcelona Bàsquet x Hapoel Tel Aviv,Coral,FC Barcelona Bàsquet,4.33,2.41,2.57,18.36,79.48,R$ 14.92,13/03/2026 17:53:06,Hapoel Tel Aviv,Red ❌,False,0.0,0.0,
13/03 16:30,Basquete - Euroleague,FC Barcelona Bàsquet x Hapoel Tel Aviv,DraftKings,FC Barcelona Bàsquet,3.9,2.41,2.57,15.81,61.66,R$ 13.29,13/03/2026 17:53:06,Hapoel Tel Aviv,Red ❌,False,0.0,0.0,
13/03 16:30,Basquete - Euroleague,FC Barcelona Bàsquet x Hapoel Tel Aviv,Bovada,FC Barcelona Bàsquet,3.6,2.41,2.57,13.67,49.22,R$ 11.83,13/03/2026 17:53:06,Hapoel Tel Aviv,Red ❌,False,0.0,0.0,
13/03 16:30,Basquete - Euroleague,Pallacanestro Olimpia Milano x Maccabi Tel Aviv,Coolbet,Pallacanestro Olimpia Milano,1.21,1.14,1.18,5.0,6.05,R$ 18.00,13/03/2026 17:53:06,Pallacanestro Olimpia Milano,Green ✅,False,0.0,0.0,
13/03 16:30,Basquete - Euroleague,Pallacanestro Olimpia Milano x Maccabi Tel Aviv,888sport,Pallacanestro Olimpia Milano,1.22,1.14,1.18,5.68,6.93,R$ 19.68,13/03/2026 17:53:06,Pallacanestro Olimpia Milano,Green ✅,False,0.0,0.0,
13/03 16:30,Basquete - Euroleague,Pallacanestro Olimpia Milano x Maccabi Tel Aviv,FanDuel,Pallacanestro Olimpia Milano,1.2,1.14,1.18,4.31,5.17,R$ 16.17,13/03/2026 17:53:06,Pallacanestro Olimpia Milano,Green ✅,False,0.0,0.0,
13/03 16:30,Basquete - Euroleague,Pallacanestro Olimpia Milano x Maccabi Tel Aviv,BoyleSports,Pallacanestro Olimpia Milano,1.2,1.14,1.18,4.31,5.17,R$ 16.17,13/03/2026 17:53:06,Pallacanestro Olimpia Milano,Green ✅,False,0.0,0.0,
13/03 16:30,Basquete - Euroleague,Pallacanestro Olimpia Milano x Maccabi Tel Aviv,Nordic Bet,Pallacanestro Olimpia Milano,1.18,1.14,1.18,2.9,3.42,R$ 11.88,13/03/2026 17:53:06,Pallacanestro Olimpia Milano,Green ✅,False,0.0,0.0,
13/03 16:30,Basquete - Euroleague,Pallacanestro Olimpia Milano x Maccabi Tel Aviv,BetMGM,Pallacanestro Olimpia Milano,1.25,1.14,1.18,7.64,9.56,R$ 23.89,13/03/2026 17:53:06,Pallacanestro Olimpia Milano,Green ✅,False,0.0,0.0,
13/03 16:30,Basquete - Euroleague,Pallacanestro Olimpia Milano x Maccabi Tel Aviv,BetRivers,Pallacanestro Olimpia Milano,1.18,1.14,1.18,2.9,3.42,R$ 11.88,13/03/2026 17:53:06,Pallacanestro Olimpia Milano,Green ✅,False,0.0,0.0,
13/03 16:30,Basquete - Euroleague,Pallacanestro Olimpia Milano x Maccabi Tel Aviv,Coral,Pallacanestro Olimpia Milano,1.25,1.14,1.18,7.64,9.56,R$ 23.89,13/03/2026 17:53:06,Pallacanestro Olimpia Milano,Green ✅,False,0.0,0.0,
13/03 16:30,Basquete - Euroleague,Pallacanestro Olimpia Milano x Maccabi Tel Aviv,DraftKings,Pallacanestro Olimpia Milano,1.2,1.14,1.18,4.31,5.17,R$ 16.17,13/03/2026 17:53:06,Pallacanestro Olimpia Milano,Green ✅,False,0.0,0.0,
13/03 16:30,Basquete - Euroleague,Pallacanestro Olimpia Milano x Maccabi Tel Aviv,Matchbook,Pallacanestro Olimpia Milano,1.18,1.14,1.18,2.9,3.42,R$ 11.88,13/03/2026 17:53:06,Pallacanestro Olimpia Milano,Green ✅,False,0.0,0.0,
13/03 17:01,Futebol - La Liga (ESP),Alavés x Villarreal,Betsson,Villarreal,50.0,19.05,36.36,3.25,162.53,R$ 2.07,13/03/2026 18:48:02,Draw,Red ❌,False,0.0,0.0,
13/03 17:01,Futebol - La Liga (ESP),Alavés x Villarreal,Betsson,Draw,6.3,4.29,4.81,7.42,46.75,R$ 5.51,13/03/2026 18:48:02,Draw,Green ✅,False,0.0,0.0,
13/03 17:01,Futebol - La Liga (ESP),Alavés x Villarreal,Nordic Bet,Villarreal,50.0,19.05,36.36,3.25,162.53,R$ 2.07,13/03/2026 18:48:02,Draw,Red ❌,False,0.0,0.0,
13/03 17:01,Futebol - La Liga (ESP),Alavés x Villarreal,Nordic Bet,Draw,6.3,4.29,4.81,7.42,46.75,R$ 5.51,13/03/2026 18:48:02,Draw,Green ✅,False,0.0,0.0,
13/03 17:01,Futebol - La Liga (ESP),Alavés x Villarreal,Paddy Power,Villarreal,81.0,19.05,36.36,4.02,325.3,R$ 2.54,13/03/2026 18:48:02,Draw,Red ❌,False,0.0,0.0,
13/03 17:01,Futebol - La Liga (ESP),Alavés x Villarreal,Paddy Power,Draw,7.0,4.29,4.81,9.01,63.05,R$ 6.57,13/03/2026 18:48:02,Draw,Green ✅,False,0.0,0.0,
13/03 17:01,Futebol - La Liga (ESP),Alavés x Villarreal,FanDuel,Villarreal,81.0,19.05,36.36,4.02,325.3,R$ 2.54,13/03/2026 18:48:02,Draw,Red ❌,False,0.0,0.0,
13/03 17:01,Futebol - La Liga (ESP),Alavés x Villarreal,FanDuel,Draw,7.5,4.29,4.81,9.96,74.7,R$ 7.18,13/03/2026 18:48:02,Draw,Green ✅,False,0.0,0.0,
13/03 17:01,Futebol - La Liga (ESP),Alavés x Villarreal,Sky Bet,Villarreal,76.0,19.05,36.36,3.93,299.05,R$ 2.49,13/03/2026 18:48:02,Draw,Red ❌,False,0.0,0.0,
13/03 17:01,Futebol - La Liga (ESP),Alavés x Villarreal,Sky Bet,Draw,8.0,4.29,4.81,10.79,86.35,R$ 7.71,13/03/2026 18:48:02,Draw,Green ✅,False,0.0,0.0,
13/03 17:01,Futebol - La Liga (ESP),Alavés x Villarreal,Bovada,Villarreal,67.0,19.05,36.36,3.76,251.79,R$ 2.38,13/03/2026 18:48:02,Draw,Red ❌,False,0.0,0.0,
13/03 17:01,Futebol - La Liga (ESP),Alavés x Villarreal,Bovada,Draw,5.5,4.29,4.81,5.11,28.11,R$ 3.90,13/03/2026 18:48:02,Draw,Green ✅,False,0.0,0.0,
13/03 17:01,Futebol - La Liga (ESP),Alavés x Villarreal,BoyleSports,Villarreal,81.0,19.05,36.36,4.02,325.3,R$ 2.54,13/03/2026 18:48:02,Draw,Red ❌,False,0.0,0.0,
13/03 17:01,Futebol - La Liga (ESP),Alavés x Villarreal,BoyleSports,Draw,8.0,4.29,4.81,10.79,86.35,R$ 7.71,13/03/2026 18:48:02,Draw,Green ✅,False,0.0,0.0,
13/03 17:01,Futebol - La Liga (ESP),Alavés x Villarreal,Virgin Bet,Villarreal,91.0,19.05,36.36,4.15,377.81,R$ 2.62,13/03/2026 18:48:02,Draw,Red ❌,False,0.0,0.0,
13/03 17:01,Futebol - La Liga (ESP),Alavés x Villarreal,Virgin Bet,Draw,8.5,4.29,4.81,11.53,97.99,R$ 8.17,13/03/2026 18:48:02,Draw,Green ✅,False,0.0,0.0,
13/03 17:01,Futebol - La Liga (ESP),Alavés x Villarreal,Casumo,Villarreal,181.0,19.05,36.36,4.7,850.37,R$ 2.95,13/03/2026 18:48:02,Draw,Red ❌,False,0.0,0.0,
13/03 17:01,Futebol - La Liga (ESP),Alavés x Villarreal,Casumo,Draw,9.0,4.29,4.81,12.18,109.64,R$ 8.57,13/03/2026 18:48:02,Draw,Green ✅,False,0.0,0.0,
13/03 17:01,Futebol - La Liga (ESP),Alavés x Villarreal,Betfair,Villarreal,85.0,19.05,36.36,4.07,346.3,R$ 2.58,13/03/2026 18:48:02,Draw,Red ❌,False,0.0,0.0,
13/03 17:01,Futebol - La Liga (ESP),Alavés x Villarreal,Betfair,Draw,8.2,4.29,4.81,11.1,91.0,R$ 7.90,13/03/2026 18:48:02,Draw,Green ✅,False,0.0,0.0,
13/03 17:01,Futebol - La Liga (ESP),Alavés x Villarreal,DraftKings,Villarreal,111.0,19.05,36.36,4.35,482.82,R$ 2.74,13/03/2026 18:48:02,Draw,Red ❌,False,0.0,0.0,
13/03 17:01,Futebol - La Liga (ESP),Alavés x Villarreal,DraftKings,Draw,6.5,4.29,4.81,7.91,51.41,R$ 5.84,13/03/2026 18:48:02,Draw,Green ✅,False,0.0,0.0,
13/03 17:01,Futebol - La Liga (ESP),Alavés x Villarreal,Matchbook,Villarreal,130.0,19.05,36.36,4.48,582.58,R$ 2.82,13/03/2026 18:48:02,Draw,Red ❌,False,0.0,0.0,
13/03 17:01,Futebol - La Liga (ESP),Alavés x Villarreal,Matchbook,Draw,8.0,4.29,4.81,10.79,86.35,R$ 7.71,13/03/2026 18:48:02,Draw,Green ✅,False,0.0,0.0,
13/03 17:01,Futebol - La Liga (ESP),Alavés x Villarreal,Coral,Villarreal,46.0,19.05,36.36,3.08,141.53,R$ 1.97,13/03/2026 18:48:02,Draw,Red ❌,False,0.0,0.0,
13/03 17:01,Futebol - La Liga (ESP),Alavés x Villarreal,Coral,Draw,7.0,4.29,4.81,9.01,63.05,R$ 6.57,13/03/2026 18:48:02,Draw,Green ✅,False,0.0,0.0,
13/03 17:01,Futebol - La Liga (ESP),Alavés x Villarreal,Coolbet,Villarreal,66.0,19.05,36.36,3.74,246.54,R$ 2.37,13/03/2026 18:48:02,Draw,Red ❌,False,0.0,0.0,
13/03 17:01,Futebol - La Liga (ESP),Alavés x Villarreal,Coolbet,Draw,6.0,4.29,4.81,6.63,39.76,R$ 4.97,13/03/2026 18:48:02,Draw,Green ✅,False,0.0,0.0,
13/03 19:59,Futebol - Argentina Primera,Estudiantes x Lanus,Betfair,Lanus,5.8,4.84,5.51,3.4,19.74,R$ 2.57,13/03/2026 20:43:00,Lanus,Green ✅,False,0.0,0.0,
13/03 19:59,Futebol - Argentina Primera,Estudiantes x Lanus,Matchbook,Lanus,6.0,4.84,5.51,3.98,23.87,R$ 2.98,13/03/2026 20:43:00,Lanus,Green ✅,False,0.0,0.0,
13/03 20:01,Futebol - Chile Primera,Audax Italiano x Deportes Concepción,FanDuel,Deportes Concepción,101.0,25.28,68.67,2.97,299.58,R$ 1.87,13/03/2026 20:43:00,Audax Italiano,Red ❌,False,0.0,0.0,
13/03 20:01,Futebol - Chile Primera,Audax Italiano x Deportes Concepción,FanDuel,Draw,36.0,10.84,14.87,6.45,232.05,R$ 4.14,13/03/2026 20:43:00,Audax Italiano,Red ❌,False,0.0,0.0,
13/03 20:01,Futebol - Chile Primera,Audax Italiano x Deportes Concepción,Sky Bet,Draw,26.0,10.84,14.87,5.38,139.81,R$ 3.50,13/03/2026 20:43:00,Audax Italiano,Red ❌,False,0.0,0.0,
13/03 20:01,Futebol - Chile Primera,Audax Italiano x Deportes Concepción,Betsson,Deportes Concepción,100.0,25.28,68.67,2.96,295.63,R$ 1.87,13/03/2026 20:43:00,Audax Italiano,Red ❌,False,0.0,0.0,
13/03 20:01,Futebol - Chile Primera,Audax Italiano x Deportes Concepción,Betsson,Draw,29.0,10.84,14.87,5.78,167.48,R$ 3.74,13/03/2026 20:43:00,Audax Italiano,Red ❌,False,0.0,0.0,
13/03 20:01,Futebol - Chile Primera,Audax Italiano x Deportes Concepción,Paddy Power,Deportes Concepción,101.0,25.28,68.67,2.97,299.58,R$ 1.87,13/03/2026 20:43:00,Audax Italiano,Red ❌,False,0.0,0.0,
13/03 20:01,Futebol - Chile Primera,Audax Italiano x Deportes Concepción,Paddy Power,Draw,26.0,10.84,14.87,5.38,139.81,R$ 3.50,13/03/2026 20:43:00,Audax Italiano,Red ❌,False,0.0,0.0,
13/03 20:01,Futebol - Chile Primera,Audax Italiano x Deportes Concepción,Nordic Bet,Deportes Concepción,100.0,25.28,68.67,2.96,295.63,R$ 1.87,13/03/2026 20:43:00,Audax Italiano,Red ❌,False,0.0,0.0,
13/03 20:01,Futebol - Chile Primera,Audax Italiano x Deportes Concepción,Nordic Bet,Draw,29.0,10.84,14.87,5.78,167.48,R$ 3.74,13/03/2026 20:43:00,Audax Italiano,Red ❌,False,0.0,0.0,
13/03 20:01,Futebol - Chile Primera,Audax Italiano x Deportes Concepción,DraftKings,Draw,18.0,10.84,14.87,3.67,66.02,R$ 2.43,13/03/2026 20:43:00,Audax Italiano,Red ❌,False,0.0,0.0,
13/03 20:01,Futebol - Chile Primera,Audax Italiano x Deportes Concepción,888sport,Draw,23.0,10.84,14.87,4.88,112.14,R$ 3.19,13/03/2026 20:43:00,Audax Italiano,Red ❌,False,0.0,0.0,
13/03 20:01,Futebol - Chile Primera,Audax Italiano x Deportes Concepción,BoyleSports,Draw,19.0,10.84,14.87,3.96,75.25,R$ 2.61,13/03/2026 20:43:00,Audax Italiano,Red ❌,False,0.0,0.0,
13/03 20:01,Futebol - Chile Primera,Audax Italiano x Deportes Concepción,Coral,Draw,21.0,10.84,14.87,4.46,93.7,R$ 2.93,13/03/2026 20:43:00,Audax Italiano,Red ❌,False,0.0,0.0,
13/03 20:01,Futebol - Chile Primera,Audax Italiano x Deportes Concepción,BetMGM,Draw,23.0,10.84,14.87,4.88,112.14,R$ 3.19,13/03/2026 20:43:00,Audax Italiano,Red ❌,False,0.0,0.0,
13/03 20:01,Futebol - Chile Primera,Audax Italiano x Deportes Concepción,Betfair,Deportes Concepción,130.0,25.28,68.67,3.19,414.32,R$ 2.01,13/03/2026 20:43:00,Audax Italiano,Red ❌,False,0.0,0.0,
13/03 20:01,Futebol - Chile Primera,Audax Italiano x Deportes Concepción,Betfair,Draw,34.0,10.84,14.87,6.28,213.6,R$ 4.05,13/03/2026 20:43:00,Audax Italiano,Red ❌,False,0.0,0.0,
13/03 20:42,Basquete - NBA,Toronto Raptors x Phoenix Suns,Betsson,Phoenix Suns,3.15,2.79,3.0,4.1,12.92,R$ 3.76,13/03/2026 20:43:00,Toronto Raptors,Red ❌,False,0.0,0.0,
13/03 21:59,Futebol - México Liga MX,Puebla x Necaxa,Virgin Bet,Puebla,2.8,2.46,2.62,4.94,13.83,R$ 4.80,13/03/2026 23:39:23,Draw,Red ❌,,,,
13/03 21:59,Futebol - México Liga MX,Puebla x Necaxa,Casumo,Puebla,3.0,2.46,2.62,7.32,21.96,R$ 6.86,13/03/2026 23:39:23,Draw,Red ❌,,,,
13/03 21:59,Futebol - México Liga MX,Puebla x Necaxa,Betsson,Necaxa,10.5,8.07,10.11,2.87,30.09,R$ 1.98,13/03/2026 23:39:23,Draw,Red ❌,,,,
13/03 21:59,Futebol - México Liga MX,Puebla x Necaxa,Nordic Bet,Necaxa,10.5,8.07,10.11,2.87,30.09,R$ 1.98,13/03/2026 23:39:23,Draw,Red ❌,,,,
13/03 21:59,Futebol - México Liga MX,Puebla x Necaxa,FanDuel,Puebla,2.9,2.46,2.62,6.17,17.9,R$ 5.89,13/03/2026 23:39:23,Draw,Red ❌,,,,
13/03 21:59,Futebol - México Liga MX,Puebla x Necaxa,Sky Bet,Puebla,2.88,2.46,2.62,5.93,17.09,R$ 5.68,13/03/2026 23:39:23,Draw,Red ❌,,,,
13/03 21:59,Futebol - México Liga MX,Puebla x Necaxa,Paddy Power,Puebla,3.0,2.46,2.62,7.32,21.96,R$ 6.86,13/03/2026 23:39:23,Draw,Red ❌,,,,
13/03 21:59,Futebol - México Liga MX,Puebla x Necaxa,Coolbet,Necaxa,11.0,8.07,10.11,3.3,36.28,R$ 2.27,13/03/2026 23:39:23,Draw,Red ❌,,,,
13/03 21:59,Futebol - México Liga MX,Puebla x Necaxa,Coolbet,Puebla,2.75,2.46,2.62,4.29,11.8,R$ 4.21,13/03/2026 23:39:23,Draw,Red ❌,,,,
13/03 21:59,Futebol - México Liga MX,Puebla x Necaxa,DraftKings,Necaxa,10.5,8.07,10.11,2.87,30.09,R$ 1.98,13/03/2026 23:39:23,Draw,Red ❌,,,,
13/03 21:59,Futebol - México Liga MX,Puebla x Necaxa,BoyleSports,Puebla,2.7,2.46,2.62,3.62,9.77,R$ 3.59,13/03/2026 23:39:23,Draw,Red ❌,,,,
13/03 21:59,Futebol - México Liga MX,Puebla x Necaxa,Betfair,Necaxa,11.0,8.07,10.11,3.3,36.28,R$ 2.27,13/03/2026 23:39:23,Draw,Red ❌,,,,
13/03 21:59,Futebol - México Liga MX,Puebla x Necaxa,Betfair,Puebla,2.72,2.46,2.62,3.89,10.58,R$ 3.84,13/03/2026 23:39:23,Draw,Red ❌,,,,
13/03 21:59,Futebol - México Liga MX,Puebla x Necaxa,Matchbook,Puebla,3.0,2.46,2.62,7.32,21.96,R$ 6.86,13/03/2026 23:39:23,Draw,Red ❌,,,,
13/03 21:12,Basquete - NBA,Houston Rockets x New Orleans Pelicans,FanDuel,New Orleans Pelicans,16.0,3.84,4.25,19.78,316.53,R$ 13.19,13/03/2026 23:39:23,Houston Rockets,Red ❌,,,,
13/03 21:12,Basquete - NBA,Houston Rockets x New Orleans Pelicans,Paddy Power,New Orleans Pelicans,34.0,3.84,4.25,23.09,785.12,R$ 14.87,13/03/2026 23:39:23,Houston Rockets,Red ❌,,,,
13/03 21:12,Basquete - NBA,Houston Rockets x New Orleans Pelicans,Sky Bet,New Orleans Pelicans,10.0,3.84,4.25,16.03,160.33,R$ 11.13,13/03/2026 23:39:23,Houston Rockets,Red ❌,,,,
13/03 21:12,Basquete - NBA,Houston Rockets x New Orleans Pelicans,DraftKings,New Orleans Pelicans,23.0,3.84,4.25,21.69,498.76,R$ 14.17,13/03/2026 23:39:23,Houston Rockets,Red ❌,,,,
13/03 21:12,Basquete - NBA,Houston Rockets x New Orleans Pelicans,Matchbook,New Orleans Pelicans,6.8,3.84,4.25,11.33,77.02,R$ 8.30,13/03/2026 23:39:23,Houston Rockets,Red ❌,,,,
13/03 21:12,Basquete - NBA,Houston Rockets x New Orleans Pelicans,Virgin Bet,Houston Rockets,4.3,1.35,1.4,50.71,218.06,R$ 41.30,13/03/2026 23:39:23,Houston Rockets,Green ✅,,,,
13/03 21:12,Basquete - NBA,Houston Rockets x New Orleans Pelicans,BetRivers,Houston Rockets,4.5,1.35,1.4,51.74,232.85,R$ 41.58,13/03/2026 23:39:23,Houston Rockets,Green ✅,,,,
13/03 21:12,Basquete - NBA,Houston Rockets x New Orleans Pelicans,Betfair Sportsbook,New Orleans Pelicans,9.0,3.84,4.25,14.92,134.3,R$ 10.49,13/03/2026 23:39:23,Houston Rockets,Red ❌,,,,
13/03 21:12,Basquete - NBA,Houston Rockets x New Orleans Pelicans,Betfair,New Orleans Pelicans,26.0,3.84,4.25,22.19,576.86,R$ 14.42,13/03/2026 23:39:23,Houston Rockets,Red ❌,,,,
13/03 21:12,Basquete - NBA,Houston Rockets x New Orleans Pelicans,BetMGM,New Orleans Pelicans,14.0,3.84,4.25,18.89,264.46,R$ 12.71,13/03/2026 23:39:23,Houston Rockets,Red ❌,,,,
13/03 21:12,Basquete - NBA,Houston Rockets x New Orleans Pelicans,Coral,New Orleans Pelicans,10.0,3.84,4.25,16.03,160.33,R$ 11.13,13/03/2026 23:39:23,Houston Rockets,Red ❌,,,,
13/03 23:12,Basquete - NBA,Portland Trail Blazers x Utah Jazz,FanDuel,Utah Jazz,4.4,3.36,3.66,7.07,31.13,R$ 5.72,13/03/2026 23:39:23,Portland Trail Blazers,Red ❌,,,,
13/03 23:12,Basquete - NBA,Portland Trail Blazers x Utah Jazz,Paddy Power,Utah Jazz,4.0,3.36,3.66,4.8,19.21,R$ 4.00,13/03/2026 23:39:23,Portland Trail Blazers,Red ❌,,,,
13/03 23:12,Basquete - NBA,Portland Trail Blazers x Utah Jazz,Sky Bet,Utah Jazz,4.0,3.36,3.66,4.8,19.21,R$ 4.00,13/03/2026 23:39:23,Portland Trail Blazers,Red ❌,,,,
13/03 23:12,Basquete - NBA,Portland Trail Blazers x Utah Jazz,BoyleSports,Utah Jazz,4.0,3.36,3.66,4.8,19.21,R$ 4.00,13/03/2026 23:39:23,Portland Trail Blazers,Red ❌,,,,
13/03 23:12,Basquete - NBA,Portland Trail Blazers x Utah Jazz,DraftKings,Utah Jazz,4.4,3.36,3.66,7.07,31.13,R$ 5.72,13/03/2026 23:39:23,Portland Trail Blazers,Red ❌,,,,
13/03 23:12,Basquete - NBA,Portland Trail Blazers x Utah Jazz,William Hill,Utah Jazz,8.0,3.36,3.66,17.3,138.41,R$ 12.36,13/03/2026 23:39:23,Portland Trail Blazers,Red ❌,,,,
13/03 23:12,Basquete - NBA,Portland Trail Blazers x Utah Jazz,Nordic Bet,Utah Jazz,4.2,3.36,3.66,5.99,25.17,R$ 4.92,13/03/2026 23:39:23,Portland Trail Blazers,Red ❌,,,,
13/03 23:12,Basquete - NBA,Portland Trail Blazers x Utah Jazz,Betsson,Utah Jazz,4.2,3.36,3.66,5.99,25.17,R$ 4.92,13/03/2026 23:39:23,Portland Trail Blazers,Red ❌,,,,
13/03 23:12,Basquete - NBA,Portland Trail Blazers x Utah Jazz,Matchbook,Utah Jazz,3.75,3.36,3.66,3.13,11.75,R$ 2.67,13/03/2026 23:39:23,Portland Trail Blazers,Red ❌,,,,
13/03 23:12,Basquete - NBA,Portland Trail Blazers x Utah Jazz,BetMGM,Utah Jazz,4.1,3.36,3.66,5.41,22.19,R$ 4.47,13/03/2026 23:39:23,Portland Trail Blazers,Red ❌,,,,
13/03 23:12,Basquete - NBA,Portland Trail Blazers x Utah Jazz,Coral,Utah Jazz,4.0,3.36,3.66,4.8,19.21,R$ 4.00,13/03/2026 23:39:23,Portland Trail Blazers,Red ❌,,,,
13/03 23:12,Basquete - NBA,Portland Trail Blazers x Utah Jazz,Betfair Sportsbook,Utah Jazz,4.0,3.36,3.66,4.8,19.21,R$ 4.00,13/03/2026 23:39:23,Portland Trail Blazers,Red ❌,,,,
13/03 21:59,Futebol - México Liga MX,Puebla x Necaxa,Virgin Bet,Puebla,6.5,3.5,3.83,13.21,85.9,R$ 9.76,13/03/2026 23:50:34,Draw,Red ❌,,,,
13/03 21:59,Futebol - México Liga MX,Puebla x Necaxa,Casumo,Puebla,6.1,3.5,3.83,12.21,74.46,R$ 9.12,13/03/2026 23:50:34,Draw,Red ❌,,,,
13/03 21:59,Futebol - México Liga MX,Puebla x Necaxa,Betsson,Puebla,4.85,3.5,3.83,7.98,38.71,R$ 6.28,13/03/2026 23:50:34,Draw,Red ❌,,,,
13/03 21:59,Futebol - México Liga MX,Puebla x Necaxa,Nordic Bet,Puebla,4.85,3.5,3.83,7.98,38.71,R$ 6.28,13/03/2026 23:50:34,Draw,Red ❌,,,,
13/03 21:59,Futebol - México Liga MX,Puebla x Necaxa,FanDuel,Puebla,4.3,3.5,3.83,5.34,22.98,R$ 4.35,13/03/2026 23:50:34,Draw,Red ❌,,,,
13/03 21:59,Futebol - México Liga MX,Puebla x Necaxa,Sky Bet,Puebla,5.0,3.5,3.83,8.6,43.0,R$ 6.72,13/03/2026 23:50:34,Draw,Red ❌,,,,
13/03 21:59,Futebol - México Liga MX,Puebla x Necaxa,Paddy Power,Puebla,5.0,3.5,3.83,8.6,43.0,R$ 6.72,13/03/2026 23:50:34,Draw,Red ❌,,,,
13/03 21:59,Futebol - México Liga MX,Puebla x Necaxa,888sport,Puebla,4.8,3.5,3.83,7.77,37.28,R$ 6.13,13/03/2026 23:50:34,Draw,Red ❌,,,,
13/03 21:59,Futebol - México Liga MX,Puebla x Necaxa,Coolbet,Necaxa,16.0,11.05,15.26,2.8,44.85,R$ 1.87,13/03/2026 23:50:34,Draw,Red ❌,,,,
13/03 21:59,Futebol - México Liga MX,Puebla x Necaxa,Coolbet,Puebla,5.5,3.5,3.83,10.42,57.3,R$ 7.96,13/03/2026 23:50:34,Draw,Red ❌,,,,
13/03 21:59,Futebol - México Liga MX,Puebla x Necaxa,DraftKings,Puebla,5.0,3.5,3.83,8.6,43.0,R$ 6.72,13/03/2026 23:50:34,Draw,Red ❌,,,,
13/03 21:59,Futebol - México Liga MX,Puebla x Necaxa,BoyleSports,Puebla,6.0,3.5,3.83,11.93,71.6,R$ 8.95,13/03/2026 23:50:34,Draw,Red ❌,,,,
13/03 21:59,Futebol - México Liga MX,Puebla x Necaxa,Betfair,Puebla,5.6,3.5,3.83,10.74,60.16,R$ 8.17,13/03/2026 23:50:34,Draw,Red ❌,,,,
13/03 21:59,Futebol - México Liga MX,Puebla x Necaxa,Matchbook,Puebla,4.9,3.5,3.83,8.19,40.14,R$ 6.43,13/03/2026 23:50:34,Draw,Red ❌,,,,
13/03 23:12,Basquete - NBA,Portland Trail Blazers x Utah Jazz,FanDuel,Utah Jazz,10.0,5.25,6.04,9.06,90.55,R$ 6.29,13/03/2026 23:50:34,Portland Trail Blazers,Red ❌,,,,
13/03 23:12,Basquete - NBA,Portland Trail Blazers x Utah Jazz,Paddy Power,Utah Jazz,9.0,5.25,6.04,7.94,71.5,R$ 5.59,13/03/2026 23:50:34,Portland Trail Blazers,Red ❌,,,,
13/03 23:12,Basquete - NBA,Portland Trail Blazers x Utah Jazz,Sky Bet,Utah Jazz,8.5,5.25,6.04,7.29,61.97,R$ 5.16,13/03/2026 23:50:34,Portland Trail Blazers,Red ❌,,,,
13/03 23:12,Basquete - NBA,Portland Trail Blazers x Utah Jazz,Coolbet,Utah Jazz,7.75,5.25,6.04,6.15,47.68,R$ 4.41,13/03/2026 23:50:34,Portland Trail Blazers,Red ❌,,,,
13/03 23:12,Basquete - NBA,Portland Trail Blazers x Utah Jazz,DraftKings,Utah Jazz,8.0,5.25,6.04,6.56,52.44,R$ 4.68,13/03/2026 23:50:34,Portland Trail Blazers,Red ❌,,,,
13/03 23:12,Basquete - NBA,Portland Trail Blazers x Utah Jazz,William Hill,Utah Jazz,8.0,5.25,6.04,6.56,52.44,R$ 4.68,13/03/2026 23:50:34,Portland Trail Blazers,Red ❌,,,,
13/03 23:12,Basquete - NBA,Portland Trail Blazers x Utah Jazz,Nordic Bet,Utah Jazz,7.0,5.25,6.04,4.77,33.39,R$ 3.48,13/03/2026 23:50:34,Portland Trail Blazers,Red ❌,,,,
13/03 23:12,Basquete - NBA,Portland Trail Blazers x Utah Jazz,Virgin Bet,Utah Jazz,6.25,5.25,6.04,3.06,19.1,R$ 2.27,13/03/2026 23:50:34,Portland Trail Blazers,Red ❌,,,,
13/03 23:12,Basquete - NBA,Portland Trail Blazers x Utah Jazz,BetRivers,Utah Jazz,6.4,5.25,6.04,3.43,21.95,R$ 2.54,13/03/2026 23:50:34,Portland Trail Blazers,Red ❌,,,,
13/03 23:12,Basquete - NBA,Portland Trail Blazers x Utah Jazz,Betfair,Utah Jazz,6.8,5.25,6.04,4.35,29.58,R$ 3.19,13/03/2026 23:50:34,Portland Trail Blazers,Red ❌,,,,
13/03 23:12,Basquete - NBA,Portland Trail Blazers x Utah Jazz,Matchbook,Utah Jazz,7.8,5.25,6.04,6.23,48.63,R$ 4.47,13/03/2026 23:50:34,Portland Trail Blazers,Red ❌,,,,
13/03 23:12,Basquete - NBA,Portland Trail Blazers x Utah Jazz,BetMGM,Utah Jazz,7.25,5.25,6.04,5.26,38.15,R$ 3.82,13/03/2026 23:50:34,Portland Trail Blazers,Red ❌,,,,
13/03 23:12,Basquete - NBA,Portland Trail Blazers x Utah Jazz,Coral,Utah Jazz,7.0,5.25,6.04,4.77,33.39,R$ 3.48,13/03/2026 23:50:34,Portland Trail Blazers,Red ❌,,,,
13/03 23:12,Basquete - NBA,Portland Trail Blazers x Utah Jazz,Betfair Sportsbook,Utah Jazz,9.0,5.25,6.04,7.94,71.5,R$ 5.59,13/03/2026 23:50:34,Portland Trail Blazers,Red ❌,,,,
13/03 23:12,Basquete - NBA,Portland Trail Blazers x Utah Jazz,MyBookie.ag,Utah Jazz,6.25,5.25,6.04,3.06,19.1,R$ 2.27,13/03/2026 23:50:34,Portland Trail Blazers,Red ❌,,,,
14/03 12:00,Futebol - Premier League (ING),Burnley x Bournemouth,FanDuel,Bournemouth,6.00,3.23,3.52,14.25,85.49,R$ 10.69,14/03/2026 13:47:55
14/03 12:00,Futebol - Premier League (ING),Burnley x Bournemouth,FanDuel,Burnley,9.00,5.75,6.72,6.28,56.51,R$ 4.41,14/03/2026 13:47:55
14/03 12:00,Futebol - Premier League (ING),Burnley x Bournemouth,Paddy Power,Bournemouth,6.50,3.23,3.52,15.53,100.95,R$ 11.47,14/03/2026 13:47:55
14/03 12:00,Futebol - Premier League (ING),Burnley x Bournemouth,Paddy Power,Burnley,9.00,5.75,6.72,6.28,56.51,R$ 4.41,14/03/2026 13:47:55
14/03 12:00,Futebol - Premier League (ING),Burnley x Bournemouth,Sky Bet,Bournemouth,6.50,3.23,3.52,15.53,100.95,R$ 11.47,14/03/2026 13:47:55
14/03 12:00,Futebol - Premier League (ING),Burnley x Bournemouth,Sky Bet,Burnley,9.00,5.75,6.72,6.28,56.51,R$ 4.41,14/03/2026 13:47:55
14/03 12:00,Futebol - Premier League (ING),Burnley x Bournemouth,Nordic Bet,Bournemouth,4.85,3.23,3.52,10.3,49.94,R$ 8.11,14/03/2026 13:47:55
14/03 12:00,Futebol - Premier League (ING),Burnley x Bournemouth,Nordic Bet,Burnley,8.20,5.75,6.72,5.19,42.6,R$ 3.70,14/03/2026 13:47:55
14/03 12:00,Futebol - Premier League (ING),Burnley x Bournemouth,Betsson,Bournemouth,4.85,3.23,3.52,10.3,49.94,R$ 8.11,14/03/2026 13:47:55
14/03 12:00,Futebol - Premier League (ING),Burnley x Bournemouth,Betsson,Burnley,8.20,5.75,6.72,5.19,42.6,R$ 3.70,14/03/2026 13:47:55
14/03 12:00,Futebol - Premier League (ING),Burnley x Bournemouth,Coral,Bournemouth,4.33,3.23,3.52,7.82,33.86,R$ 6.36,14/03/2026 13:47:55
14/03 12:00,Futebol - Premier League (ING),Burnley x Bournemouth,Coral,Burnley,7.00,5.75,6.72,3.1,21.73,R$ 2.26,14/03/2026 13:47:55
14/03 12:00,Futebol - Premier League (ING),Burnley x Bournemouth,888sport,Bournemouth,5.00,3.23,3.52,10.92,54.58,R$ 8.53,14/03/2026 13:47:55
14/03 12:00,Futebol - Premier League (ING),Burnley x Bournemouth,888sport,Burnley,8.50,5.75,6.72,5.63,47.81,R$ 3.98,14/03/2026 13:47:55
14/03 12:00,Futebol - Premier League (ING),Burnley x Bournemouth,Betfair,Bournemouth,5.60,3.23,3.52,13.06,73.13,R$ 9.94,14/03/2026 13:47:55
14/03 12:00,Futebol - Premier League (ING),Burnley x Bournemouth,Betfair,Burnley,9.80,5.75,6.72,7.19,70.42,R$ 5.00,14/03/2026 13:47:55
14/03 12:00,Futebol - Premier League (ING),Burnley x Bournemouth,Bovada,Bournemouth,5.50,3.23,3.52,12.73,70.03,R$ 9.73,14/03/2026 13:47:55
14/03 12:00,Futebol - Premier League (ING),Burnley x Bournemouth,Bovada,Burnley,9.00,5.75,6.72,6.28,56.51,R$ 4.41,14/03/2026 13:47:55
14/03 12:00,Futebol - Premier League (ING),Burnley x Bournemouth,Virgin Bet,Bournemouth,5.80,3.23,3.52,13.67,79.31,R$ 10.33,14/03/2026 13:47:55
14/03 12:00,Futebol - Premier League (ING),Burnley x Bournemouth,Virgin Bet,Burnley,9.50,5.75,6.72,6.86,65.2,R$ 4.79,14/03/2026 13:47:55
14/03 12:00,Futebol - Premier League (ING),Burnley x Bournemouth,Casumo,Bournemouth,6.00,3.23,3.52,14.25,85.49,R$ 10.69,14/03/2026 13:47:55
14/03 12:00,Futebol - Premier League (ING),Burnley x Bournemouth,Casumo,Burnley,10.00,5.75,6.72,7.39,73.9,R$ 5.13,14/03/2026 13:47:55
14/03 12:00,Futebol - Premier League (ING),Burnley x Bournemouth,DraftKings,Bournemouth,5.50,3.23,3.52,12.73,70.03,R$ 9.73,14/03/2026 13:47:55
14/03 12:00,Futebol - Premier League (ING),Burnley x Bournemouth,DraftKings,Burnley,8.50,5.75,6.72,5.63,47.81,R$ 3.98,14/03/2026 13:47:55
14/03 12:00,Futebol - Premier League (ING),Burnley x Bournemouth,Coolbet,Bournemouth,5.50,3.23,3.52,12.73,70.03,R$ 9.73,14/03/2026 13:47:55
14/03 12:00,Futebol - Premier League (ING),Burnley x Bournemouth,Coolbet,Burnley,9.00,5.75,6.72,6.28,56.51,R$ 4.41,14/03/2026 13:47:55
14/03 12:00,Futebol - Premier League (ING),Burnley x Bournemouth,BoyleSports,Bournemouth,5.50,3.23,3.52,12.73,70.03,R$ 9.73,14/03/2026 13:47:55
14/03 12:00,Futebol - Premier League (ING),Burnley x Bournemouth,BoyleSports,Burnley,9.00,5.75,6.72,6.28,56.51,R$ 4.41,14/03/2026 13:47:55
14/03 12:00,Futebol - Premier League (ING),Burnley x Bournemouth,Matchbook,Bournemouth,6.00,3.23,3.52,14.25,85.49,R$ 10.69,14/03/2026 13:47:55
14/03 12:00,Futebol - Premier League (ING),Burnley x Bournemouth,Matchbook,Burnley,8.60,5.75,6.72,5.76,49.55,R$ 4.08,14/03/2026 13:47:55
14/03 12:00,Futebol - Premier League (ING),Sunderland x Brighton and Hove Albion,Paddy Power,Sunderland,151.00,27.74,90.53,2.94,444.29,R$ 1.85,14/03/2026 13:47:55
14/03 12:00,Futebol - Premier League (ING),Sunderland x Brighton and Hove Albion,Paddy Power,Draw,9.00,5.10,5.85,8.48,76.36,R$ 5.97,14/03/2026 13:47:55
14/03 12:00,Futebol - Premier League (ING),Sunderland x Brighton and Hove Albion,FanDuel,Sunderland,101.00,27.74,90.53,2.61,264.06,R$ 1.65,14/03/2026 13:47:55
14/03 12:00,Futebol - Premier League (ING),Sunderland x Brighton and Hove Albion,FanDuel,Draw,8.00,5.10,5.85,7.1,56.76,R$ 5.07,14/03/2026 13:47:55
14/03 12:00,Futebol - Premier League (ING),Sunderland x Brighton and Hove Albion,Sky Bet,Sunderland,91.00,27.74,90.53,2.51,228.01,R$ 1.58,14/03/2026 13:47:55
14/03 12:00,Futebol - Premier League (ING),Sunderland x Brighton and Hove Albion,Sky Bet,Draw,10.00,5.10,5.85,9.6,95.95,R$ 6.66,14/03/2026 13:47:55
14/03 12:00,Futebol - Premier League (ING),Sunderland x Brighton and Hove Albion,Betsson,Draw,6.30,5.10,5.85,3.72,23.45,R$ 2.77,14/03/2026 13:47:55
14/03 12:00,Futebol - Premier League (ING),Sunderland x Brighton and Hove Albion,Nordic Bet,Draw,6.80,5.10,5.85,4.89,33.25,R$ 3.58,14/03/2026 13:47:55
14/03 12:00,Futebol - Premier League (ING),Sunderland x Brighton and Hove Albion,888sport,Draw,8.00,5.10,5.85,7.1,56.76,R$ 5.07,14/03/2026 13:47:55
14/03 12:00,Futebol - Premier League (ING),Sunderland x Brighton and Hove Albion,Betfair,Sunderland,110.00,27.74,90.53,2.7,296.5,R$ 1.70,14/03/2026 13:47:55
14/03 12:00,Futebol - Premier League (ING),Sunderland x Brighton and Hove Albion,Betfair,Draw,7.80,5.10,5.85,6.77,52.84,R$ 4.86,14/03/2026 13:47:55
14/03 12:00,Futebol - Premier League (ING),Sunderland x Brighton and Hove Albion,Coral,Draw,6.50,5.10,5.85,4.21,27.37,R$ 3.11,14/03/2026 13:47:55
14/03 12:00,Futebol - Premier League (ING),Sunderland x Brighton and Hove Albion,Bovada,Draw,7.00,5.10,5.85,5.31,37.17,R$ 3.87,14/03/2026 13:47:55
14/03 12:00,Futebol - Premier League (ING),Sunderland x Brighton and Hove Albion,Casumo,Sunderland,151.00,27.74,90.53,2.94,444.29,R$ 1.85,14/03/2026 13:47:55
14/03 12:00,Futebol - Premier League (ING),Sunderland x Brighton and Hove Albion,Casumo,Draw,9.00,5.10,5.85,8.48,76.36,R$ 5.97,14/03/2026 13:47:55
14/03 12:00,Futebol - Premier League (ING),Sunderland x Brighton and Hove Albion,Virgin Bet,Draw,8.50,5.10,5.85,7.83,66.56,R$ 5.55,14/03/2026 13:47:55
14/03 12:00,Futebol - Premier League (ING),Sunderland x Brighton and Hove Albion,DraftKings,Draw,6.50,5.10,5.85,4.21,27.37,R$ 3.11,14/03/2026 13:47:55
14/03 12:00,Futebol - Premier League (ING),Sunderland x Brighton and Hove Albion,Coolbet,Draw,7.50,5.10,5.85,6.26,46.96,R$ 4.52,14/03/2026 13:47:55
14/03 12:00,Futebol - Premier League (ING),Sunderland x Brighton and Hove Albion,BoyleSports,Draw,8.00,5.10,5.85,7.1,56.76,R$ 5.07,14/03/2026 13:47:55
14/03 12:00,Futebol - Premier League (ING),Sunderland x Brighton and Hove Albion,Matchbook,Sunderland,120.00,27.74,90.53,2.77,332.55,R$ 1.75,14/03/2026 13:47:55
14/03 12:00,Futebol - Premier League (ING),Sunderland x Brighton and Hove Albion,Matchbook,Draw,7.80,5.10,5.85,6.77,52.84,R$ 4.86,14/03/2026 13:47:55
14/03 12:30,Futebol - Primeira Liga (POR),Vitória SC x Famalicão,Casumo,Vitória SC,12.50,3.29,3.59,22.37,279.66,R$ 15.20,14/03/2026 13:47:55
14/03 12:30,Futebol - Primeira Liga (POR),Vitória SC x Famalicão,Casumo,Draw,4.40,2.59,2.77,15.83,69.64,R$ 12.80,14/03/2026 13:47:55
14/03 12:30,Futebol - Primeira Liga (POR),Vitória SC x Famalicão,Virgin Bet,Vitória SC,11.00,3.29,3.59,21.28,234.1,R$ 14.63,14/03/2026 13:47:55
14/03 12:30,Futebol - Primeira Liga (POR),Vitória SC x Famalicão,Virgin Bet,Draw,4.20,2.59,2.77,14.75,61.93,R$ 12.10,14/03/2026 13:47:55
14/03 12:30,Futebol - Primeira Liga (POR),Vitória SC x Famalicão,Nordic Bet,Vitória SC,12.50,3.29,3.59,22.37,279.66,R$ 15.20,14/03/2026 13:47:55
14/03 12:30,Futebol - Primeira Liga (POR),Vitória SC x Famalicão,Nordic Bet,Draw,3.90,2.59,2.77,12.91,50.36,R$ 10.85,14/03/2026 13:47:55
14/03 12:30,Futebol - Primeira Liga (POR),Vitória SC x Famalicão,Betsson,Vitória SC,12.50,3.29,3.59,22.37,279.66,R$ 15.20,14/03/2026 13:47:55
14/03 12:30,Futebol - Primeira Liga (POR),Vitória SC x Famalicão,Betsson,Draw,4.10,2.59,2.77,14.16,58.08,R$ 11.71,14/03/2026 13:47:55
14/03 12:30,Futebol - Primeira Liga (POR),Vitória SC x Famalicão,FanDuel,Vitória SC,8.50,3.29,3.59,18.61,158.17,R$ 13.18,14/03/2026 13:47:55
14/03 12:30,Futebol - Primeira Liga (POR),Vitória SC x Famalicão,FanDuel,Draw,3.60,2.59,2.77,10.78,38.8,R$ 9.33,14/03/2026 13:47:55
14/03 12:30,Futebol - Primeira Liga (POR),Vitória SC x Famalicão,Coolbet,Vitória SC,13.00,3.29,3.59,22.68,294.85,R$ 15.36,14/03/2026 13:47:55
14/03 12:30,Futebol - Primeira Liga (POR),Vitória SC x Famalicão,Coolbet,Draw,4.40,2.59,2.77,15.83,69.64,R$ 12.80,14/03/2026 13:47:55
14/03 12:30,Futebol - Primeira Liga (POR),Vitória SC x Famalicão,Sky Bet,Vitória SC,10.00,3.29,3.59,20.37,203.73,R$ 14.15,14/03/2026 13:47:55
14/03 12:30,Futebol - Primeira Liga (POR),Vitória SC x Famalicão,Sky Bet,Draw,4.00,2.59,2.77,13.55,54.22,R$ 11.30,14/03/2026 13:47:55
14/03 12:30,Futebol - Primeira Liga (POR),Vitória SC x Famalicão,Paddy Power,Vitória SC,10.00,3.29,3.59,20.37,203.73,R$ 14.15,14/03/2026 13:47:55
14/03 12:30,Futebol - Primeira Liga (POR),Vitória SC x Famalicão,Paddy Power,Draw,3.75,2.59,2.77,11.89,44.58,R$ 10.13,14/03/2026 13:47:55
14/03 12:30,Futebol - Primeira Liga (POR),Vitória SC x Famalicão,Betfair,Vitória SC,16.00,3.29,3.59,24.12,385.97,R$ 16.08,14/03/2026 13:47:55
14/03 12:30,Futebol - Primeira Liga (POR),Vitória SC x Famalicão,Betfair,Draw,4.50,2.59,2.77,16.33,73.5,R$ 13.12,14/03/2026 13:47:55
14/03 12:30,Futebol - Primeira Liga (POR),Vitória SC x Famalicão,888sport,Vitória SC,10.00,3.29,3.59,20.37,203.73,R$ 14.15,14/03/2026 13:47:55
14/03 12:30,Futebol - Primeira Liga (POR),Vitória SC x Famalicão,888sport,Draw,3.90,2.59,2.77,12.91,50.36,R$ 10.85,14/03/2026 13:47:55
14/03 12:30,Futebol - Primeira Liga (POR),Vitória SC x Famalicão,BoyleSports,Vitória SC,12.00,3.29,3.59,22.04,264.47,R$ 15.03,14/03/2026 13:47:55
14/03 12:30,Futebol - Primeira Liga (POR),Vitória SC x Famalicão,BoyleSports,Draw,3.80,2.59,2.77,12.24,46.51,R$ 10.38,14/03/2026 13:47:55
14/03 12:30,Futebol - Primeira Liga (POR),Vitória SC x Famalicão,Bovada,Vitória SC,12.00,3.29,3.59,22.04,264.47,R$ 15.03,14/03/2026 13:47:55
14/03 12:30,Futebol - Primeira Liga (POR),Vitória SC x Famalicão,Bovada,Draw,4.20,2.59,2.77,14.75,61.93,R$ 12.10,14/03/2026 13:47:55
14/03 12:30,Futebol - Primeira Liga (POR),Vitória SC x Famalicão,DraftKings,Vitória SC,12.00,3.29,3.59,22.04,264.47,R$ 15.03,14/03/2026 13:47:55
14/03 12:30,Futebol - Primeira Liga (POR),Vitória SC x Famalicão,DraftKings,Draw,3.95,2.59,2.77,13.24,52.29,R$ 11.08,14/03/2026 13:47:55
14/03 12:30,Futebol - Primeira Liga (POR),Vitória SC x Famalicão,Matchbook,Vitória SC,16.00,3.29,3.59,24.12,385.97,R$ 16.08,14/03/2026 13:47:55
14/03 12:30,Futebol - Primeira Liga (POR),Vitória SC x Famalicão,Matchbook,Draw,4.60,2.59,2.77,16.82,77.35,R$ 13.43,14/03/2026 13:47:55
14/03 14:00,Futebol - Serie A (ITA),Napoli x Lecce,Casumo,Napoli,3.20,2.94,3.17,2.82,9.01,R$ 2.56,14/03/2026 14:42:36
14/03 14:00,Futebol - Serie A (ITA),Napoli x Lecce,DraftKings,Napoli,3.20,2.94,3.17,2.82,9.01,R$ 2.56,14/03/2026 14:42:36
14/03 14:00,Futebol - Serie A (ITA),Napoli x Lecce,Betfair,Napoli,3.30,2.94,3.17,3.76,12.42,R$ 3.38,14/03/2026 14:42:36
14/03 14:00,Futebol - Serie A (ITA),Napoli x Lecce,Matchbook,Napoli,3.40,2.94,3.17,4.66,15.83,R$ 4.12,14/03/2026 14:42:36
14/03 14:00,Futebol - Serie A (ITA),Napoli x Lecce,Coolbet,Napoli,3.25,2.94,3.17,3.3,10.72,R$ 2.98,14/03/2026 14:42:36
14/03 13:00,Futebol - Ligue 1 (FRA),Lorient x RC Lens,888sport,RC Lens,9.50,7.26,8.86,3.26,30.94,R$ 2.28,14/03/2026 14:42:36
14/03 13:00,Futebol - Ligue 1 (FRA),Lorient x RC Lens,Coolbet,RC Lens,14.00,7.26,8.86,6.64,92.97,R$ 4.47,14/03/2026 14:42:36
14/03 13:00,Futebol - Ligue 1 (FRA),Lorient x RC Lens,Coolbet,Draw,3.40,3.08,3.33,3.08,10.48,R$ 2.73,14/03/2026 14:42:36
14/03 13:00,Futebol - Ligue 1 (FRA),Lorient x RC Lens,FanDuel,RC Lens,12.00,7.26,8.86,5.45,65.4,R$ 3.72,14/03/2026 14:42:36
14/03 13:00,Futebol - Ligue 1 (FRA),Lorient x RC Lens,FanDuel,Draw,3.40,3.08,3.33,3.08,10.48,R$ 2.73,14/03/2026 14:42:36
14/03 13:00,Futebol - Ligue 1 (FRA),Lorient x RC Lens,Paddy Power,RC Lens,12.00,7.26,8.86,5.45,65.4,R$ 3.72,14/03/2026 14:42:36
14/03 13:00,Futebol - Ligue 1 (FRA),Lorient x RC Lens,Sky Bet,RC Lens,13.00,7.26,8.86,6.09,79.18,R$ 4.12,14/03/2026 14:42:36
14/03 13:00,Futebol - Ligue 1 (FRA),Lorient x RC Lens,Sky Bet,Draw,3.50,3.08,3.33,3.92,13.72,R$ 3.43,14/03/2026 14:42:36
14/03 13:00,Futebol - Ligue 1 (FRA),Lorient x RC Lens,Betfair,RC Lens,15.50,7.26,8.86,7.33,113.64,R$ 4.90,14/03/2026 14:42:36
14/03 13:00,Futebol - Ligue 1 (FRA),Lorient x RC Lens,Betfair,Draw,3.35,3.08,3.33,2.64,8.85,R$ 2.35,14/03/2026 14:42:36
14/03 13:00,Futebol - Ligue 1 (FRA),Lorient x RC Lens,Bovada,RC Lens,15.00,7.26,8.86,7.12,106.75,R$ 4.77,14/03/2026 14:42:36
14/03 13:00,Futebol - Ligue 1 (FRA),Lorient x RC Lens,Virgin Bet,RC Lens,11.50,7.26,8.86,5.09,58.51,R$ 3.48,14/03/2026 14:42:36
14/03 13:00,Futebol - Ligue 1 (FRA),Lorient x RC Lens,Virgin Bet,Draw,3.35,3.08,3.33,2.64,8.85,R$ 2.35,14/03/2026 14:42:36
14/03 13:00,Futebol - Ligue 1 (FRA),Lorient x RC Lens,Casumo,RC Lens,12.00,7.26,8.86,5.45,65.4,R$ 3.72,14/03/2026 14:42:36
14/03 13:00,Futebol - Ligue 1 (FRA),Lorient x RC Lens,BoyleSports,RC Lens,12.00,7.26,8.86,5.45,65.4,R$ 3.72,14/03/2026 14:42:36
14/03 13:00,Futebol - Ligue 1 (FRA),Lorient x RC Lens,DraftKings,RC Lens,15.00,7.26,8.86,7.12,106.75,R$ 4.77,14/03/2026 14:42:36
14/03 13:00,Futebol - Ligue 1 (FRA),Lorient x RC Lens,Coral,RC Lens,10.00,7.26,8.86,3.78,37.83,R$ 2.63,14/03/2026 14:42:36
14/03 13:00,Futebol - Ligue 1 (FRA),Lorient x RC Lens,BetMGM,RC Lens,9.00,7.26,8.86,2.67,24.05,R$ 1.88,14/03/2026 14:42:36
14/03 13:00,Futebol - Ligue 1 (FRA),Lorient x RC Lens,Matchbook,RC Lens,16.00,7.26,8.86,7.53,120.53,R$ 5.02,14/03/2026 14:42:36
14/03 13:00,Futebol - Ligue 1 (FRA),Lorient x RC Lens,Matchbook,Draw,3.40,3.08,3.33,3.08,10.48,R$ 2.73,14/03/2026 14:42:36
14/03 13:00,Futebol - Ligue 1 (FRA),Lorient x RC Lens,Nordic Bet,RC Lens,12.50,7.26,8.86,5.78,72.29,R$ 3.93,14/03/2026 14:42:36
14/03 13:00,Futebol - Ligue 1 (FRA),Lorient x RC Lens,Betsson,RC Lens,12.50,7.26,8.86,5.78,72.29,R$ 3.93,14/03/2026 14:42:36
14/03 14:10,Basquete - NBA,Philadelphia 76ers x Brooklyn Nets,William Hill,Philadelphia 76ers,1.25,1.12,1.15,9.54,11.93,R$ 29.81,14/03/2026 14:42:36
14/03 14:10,Basquete - NBA,Philadelphia 76ers x Brooklyn Nets,Betfair,Brooklyn Nets,15.00,9.56,12.56,3.79,56.89,R$ 2.54,14/03/2026 14:42:36
14/03 16:10,Basquete - NBA,Atlanta Hawks x Milwaukee Bucks,Matchbook,Milwaukee Bucks,5.00,4.34,4.87,3.02,15.1,R$ 2.36,14/03/2026 14:42:36
14/03 14:31,Futebol - La Liga (ESP),Oviedo x Valencia,Betsson,Valencia,14.00,9.64,12.71,3.23,45.18,R$ 2.17,14/03/2026 15:56:51
14/03 14:31,Futebol - La Liga (ESP),Oviedo x Valencia,Nordic Bet,Valencia,14.00,9.64,12.71,3.23,45.18,R$ 2.17,14/03/2026 15:56:51
14/03 14:31,Futebol - La Liga (ESP),Oviedo x Valencia,Paddy Power,Valencia,13.00,9.64,12.71,2.68,34.81,R$ 1.81,14/03/2026 15:56:51
14/03 14:31,Futebol - La Liga (ESP),Oviedo x Valencia,Sky Bet,Valencia,13.00,9.64,12.71,2.68,34.81,R$ 1.81,14/03/2026 15:56:51
14/03 14:31,Futebol - La Liga (ESP),Oviedo x Valencia,BoyleSports,Valencia,15.00,9.64,12.71,3.7,55.55,R$ 2.48,14/03/2026 15:56:51
14/03 14:31,Futebol - La Liga (ESP),Oviedo x Valencia,Casumo,Valencia,14.00,9.64,12.71,3.23,45.18,R$ 2.17,14/03/2026 15:56:51
14/03 14:31,Futebol - La Liga (ESP),Oviedo x Valencia,Virgin Bet,Valencia,14.00,9.64,12.71,3.23,45.18,R$ 2.17,14/03/2026 15:56:51
14/03 14:31,Futebol - La Liga (ESP),Oviedo x Valencia,DraftKings,Valencia,13.00,9.64,12.71,2.68,34.81,R$ 1.81,14/03/2026 15:56:51
14/03 14:31,Futebol - La Liga (ESP),Oviedo x Valencia,Betfair,Valencia,14.50,9.64,12.71,3.47,50.36,R$ 2.33,14/03/2026 15:56:51
14/03 14:31,Futebol - La Liga (ESP),Oviedo x Valencia,BetMGM,Valencia,13.00,9.64,12.71,2.68,34.81,R$ 1.81,14/03/2026 15:56:51
14/03 14:31,Futebol - La Liga (ESP),Oviedo x Valencia,Matchbook,Valencia,17.50,9.64,12.71,4.66,81.47,R$ 3.09,14/03/2026 15:56:51
14/03 14:31,Futebol - La Liga (ESP),Oviedo x Valencia,Matchbook,Draw,4.40,3.93,4.36,2.71,11.92,R$ 2.19,14/03/2026 15:56:51
14/03 14:31,Futebol - La Liga (ESP),Oviedo x Valencia,Coolbet,Valencia,16.00,9.64,12.71,4.12,65.92,R$ 2.75,14/03/2026 15:56:51
14/03 14:30,Futebol - Bundesliga (ALE),Hamburger SV x 1. FC Köln,Paddy Power,Hamburger SV,4.20,3.78,4.17,2.67,11.2,R$ 2.19,14/03/2026 15:56:51
14/03 14:30,Futebol - Bundesliga (ALE),Hamburger SV x 1. FC Köln,Nordic Bet,Hamburger SV,4.40,3.78,4.17,3.75,16.5,R$ 3.03,14/03/2026 15:56:51
14/03 14:30,Futebol - Bundesliga (ALE),Hamburger SV x 1. FC Köln,Betsson,Hamburger SV,4.20,3.78,4.17,2.67,11.2,R$ 2.19,14/03/2026 15:56:51
14/03 14:30,Futebol - Bundesliga (ALE),Hamburger SV x 1. FC Köln,Coolbet,Hamburger SV,4.80,3.78,4.17,5.64,27.09,R$ 4.46,14/03/2026 15:56:51
14/03 14:30,Futebol - Bundesliga (ALE),Hamburger SV x 1. FC Köln,FanDuel,Hamburger SV,4.50,3.78,4.17,4.25,19.14,R$ 3.42,14/03/2026 15:56:51
14/03 14:30,Futebol - Bundesliga (ALE),Hamburger SV x 1. FC Köln,Sky Bet,Hamburger SV,4.20,3.78,4.17,2.67,11.2,R$ 2.19,14/03/2026 15:56:51
14/03 14:30,Futebol - Bundesliga (ALE),Hamburger SV x 1. FC Köln,Betfair,Hamburger SV,4.60,3.78,4.17,4.74,21.79,R$ 3.78,14/03/2026 15:56:51
14/03 14:30,Futebol - Bundesliga (ALE),Hamburger SV x 1. FC Köln,888sport,Hamburger SV,4.33,3.78,4.17,3.38,14.64,R$ 2.75,14/03/2026 15:56:51
14/03 14:30,Futebol - Bundesliga (ALE),Hamburger SV x 1. FC Köln,Virgin Bet,1. FC Köln,3.75,3.41,3.72,2.69,10.08,R$ 2.29,14/03/2026 15:56:51
14/03 14:30,Futebol - Bundesliga (ALE),Hamburger SV x 1. FC Köln,Bovada,Hamburger SV,4.50,3.78,4.17,4.25,19.14,R$ 3.42,14/03/2026 15:56:51
14/03 14:30,Futebol - Bundesliga (ALE),Hamburger SV x 1. FC Köln,DraftKings,Hamburger SV,4.50,3.78,4.17,4.25,19.14,R$ 3.42,14/03/2026 15:56:51
14/03 14:30,Futebol - Bundesliga (ALE),Hamburger SV x 1. FC Köln,BoyleSports,Hamburger SV,4.33,3.78,4.17,3.38,14.64,R$ 2.75,14/03/2026 15:56:51
14/03 14:30,Futebol - Bundesliga (ALE),Hamburger SV x 1. FC Köln,Matchbook,1. FC Köln,3.75,3.41,3.72,2.69,10.08,R$ 2.29,14/03/2026 15:56:51
14/03 14:30,Futebol - Bundesliga (ALE),Hamburger SV x 1. FC Köln,Matchbook,Hamburger SV,4.50,3.78,4.17,4.25,19.14,R$ 3.42,14/03/2026 15:56:51
14/03 14:10,Futebol - MLS (EUA),Toronto FC x New York Red Bulls,BoyleSports,Draw,6.50,4.95,5.65,4.81,31.25,R$ 3.55,14/03/2026 15:56:51
14/03 14:10,Futebol - MLS (EUA),Toronto FC x New York Red Bulls,Coolbet,Draw,6.00,4.95,5.65,3.52,21.15,R$ 2.64,14/03/2026 15:56:51
14/03 14:10,Futebol - MLS (EUA),Toronto FC x New York Red Bulls,Paddy Power,Draw,7.00,4.95,5.65,5.91,41.34,R$ 4.31,14/03/2026 15:56:51
14/03 14:10,Futebol - MLS (EUA),Toronto FC x New York Red Bulls,FanDuel,Draw,7.00,4.95,5.65,5.91,41.34,R$ 4.31,14/03/2026 15:56:51
14/03 14:10,Futebol - MLS (EUA),Toronto FC x New York Red Bulls,Sky Bet,Draw,7.50,4.95,5.65,6.86,51.44,R$ 4.95,14/03/2026 15:56:51
14/03 14:10,Futebol - MLS (EUA),Toronto FC x New York Red Bulls,Coral,Draw,7.00,4.95,5.65,5.91,41.34,R$ 4.31,14/03/2026 15:56:51
14/03 14:10,Futebol - MLS (EUA),Toronto FC x New York Red Bulls,888sport,Draw,6.00,4.95,5.65,3.52,21.15,R$ 2.64,14/03/2026 15:56:51
14/03 14:10,Futebol - MLS (EUA),Toronto FC x New York Red Bulls,Bovada,New York Red Bulls,81.00,25.72,72.06,2.65,214.91,R$ 1.68,14/03/2026 15:56:51
14/03 14:10,Futebol - MLS (EUA),Toronto FC x New York Red Bulls,Bovada,Draw,6.00,4.95,5.65,3.52,21.15,R$ 2.64,14/03/2026 15:56:51
14/03 14:10,Futebol - MLS (EUA),Toronto FC x New York Red Bulls,Virgin Bet,Draw,6.75,4.95,5.65,5.38,36.29,R$ 3.94,14/03/2026 15:56:51
14/03 14:10,Futebol - MLS (EUA),Toronto FC x New York Red Bulls,Casumo,Draw,7.00,4.95,5.65,5.91,41.34,R$ 4.31,14/03/2026 15:56:51
14/03 14:10,Futebol - MLS (EUA),Toronto FC x New York Red Bulls,Matchbook,New York Red Bulls,80.00,25.72,72.06,2.64,211.02,R$ 1.67,14/03/2026 15:56:51
14/03 14:10,Futebol - MLS (EUA),Toronto FC x New York Red Bulls,Matchbook,Draw,5.70,4.95,5.65,2.65,15.09,R$ 2.01,14/03/2026 15:56:51
14/03 17:00,MMA - UFC,Brad Tavares x Eryk Anders,Betsson,Eryk Anders,1.92,1.83,1.92,2.51,4.82,R$ 3.27,14/03/2026 15:56:51
14/03 17:00,MMA - UFC,Brad Tavares x Eryk Anders,Nordic Bet,Eryk Anders,1.92,1.83,1.92,2.51,4.82,R$ 3.27,14/03/2026 15:56:51
14/03 16:15,Futebol - MLS (EUA),Atlanta United FC x Philadelphia Union,Betsson,Philadelphia Union,5.80,2.96,3.19,16.59,96.22,R$ 12.53,14/03/2026 16:57:33
14/03 16:15,Futebol - MLS (EUA),Atlanta United FC x Philadelphia Union,Betsson,Draw,3.90,3.23,3.52,5.31,20.7,R$ 4.46,14/03/2026 16:57:33
14/03 16:15,Futebol - MLS (EUA),Atlanta United FC x Philadelphia Union,Coral,Philadelphia Union,6.00,2.96,3.19,17.17,102.99,R$ 12.87,14/03/2026 16:57:33
14/03 16:15,Futebol - MLS (EUA),Atlanta United FC x Philadelphia Union,Coral,Draw,3.70,3.23,3.52,3.92,14.51,R$ 3.36,14/03/2026 16:57:33
14/03 16:15,Futebol - MLS (EUA),Atlanta United FC x Philadelphia Union,Nordic Bet,Philadelphia Union,5.35,2.96,3.19,15.14,81.0,R$ 11.64,14/03/2026 16:57:33
14/03 16:15,Futebol - MLS (EUA),Atlanta United FC x Philadelphia Union,Nordic Bet,Draw,3.90,3.23,3.52,5.31,20.7,R$ 4.46,14/03/2026 16:57:33
14/03 16:15,Futebol - MLS (EUA),Atlanta United FC x Philadelphia Union,FanDuel,Philadelphia Union,6.00,2.96,3.19,17.17,102.99,R$ 12.87,14/03/2026 16:57:33
14/03 16:15,Futebol - MLS (EUA),Atlanta United FC x Philadelphia Union,FanDuel,Draw,3.80,3.23,3.52,4.63,17.6,R$ 3.93,14/03/2026 16:57:33
14/03 16:15,Futebol - MLS (EUA),Atlanta United FC x Philadelphia Union,Paddy Power,Philadelphia Union,6.00,2.96,3.19,17.17,102.99,R$ 12.87,14/03/2026 16:57:33
14/03 16:15,Futebol - MLS (EUA),Atlanta United FC x Philadelphia Union,Paddy Power,Draw,4.00,3.23,3.52,5.95,23.79,R$ 4.96,14/03/2026 16:57:33
14/03 16:15,Futebol - MLS (EUA),Atlanta United FC x Philadelphia Union,Sky Bet,Philadelphia Union,5.50,2.96,3.19,15.65,86.07,R$ 11.95,14/03/2026 16:57:33
14/03 16:15,Futebol - MLS (EUA),Atlanta United FC x Philadelphia Union,Sky Bet,Draw,4.00,3.23,3.52,5.95,23.79,R$ 4.96,14/03/2026 16:57:33
14/03 16:15,Futebol - MLS (EUA),Atlanta United FC x Philadelphia Union,BoyleSports,Philadelphia Union,6.00,2.96,3.19,17.17,102.99,R$ 12.87,14/03/2026 16:57:33
14/03 16:15,Futebol - MLS (EUA),Atlanta United FC x Philadelphia Union,BoyleSports,Draw,3.80,3.23,3.52,4.63,17.6,R$ 3.93,14/03/2026 16:57:33
14/03 16:15,Futebol - MLS (EUA),Atlanta United FC x Philadelphia Union,888sport,Philadelphia Union,5.00,2.96,3.19,13.83,69.16,R$ 10.81,14/03/2026 16:57:33
14/03 16:15,Futebol - MLS (EUA),Atlanta United FC x Philadelphia Union,888sport,Draw,3.60,3.23,3.52,3.17,11.41,R$ 2.74,14/03/2026 16:57:33
14/03 16:15,Futebol - MLS (EUA),Atlanta United FC x Philadelphia Union,Betfair,Philadelphia Union,6.60,2.96,3.19,18.68,123.29,R$ 13.76,14/03/2026 16:57:33
14/03 16:15,Futebol - MLS (EUA),Atlanta United FC x Philadelphia Union,Betfair,Draw,4.10,3.23,3.52,6.56,26.89,R$ 5.42,14/03/2026 16:57:33
14/03 16:15,Futebol - MLS (EUA),Atlanta United FC x Philadelphia Union,Coolbet,Philadelphia Union,6.00,2.96,3.19,17.17,102.99,R$ 12.87,14/03/2026 16:57:33
14/03 16:15,Futebol - MLS (EUA),Atlanta United FC x Philadelphia Union,Coolbet,Draw,4.00,3.23,3.52,5.95,23.79,R$ 4.96,14/03/2026 16:57:33
14/03 16:15,Futebol - MLS (EUA),Atlanta United FC x Philadelphia Union,Bovada,Philadelphia Union,6.00,2.96,3.19,17.17,102.99,R$ 12.87,14/03/2026 16:57:33
14/03 16:15,Futebol - MLS (EUA),Atlanta United FC x Philadelphia Union,Bovada,Draw,4.00,3.23,3.52,5.95,23.79,R$ 4.96,14/03/2026 16:57:33
14/03 16:15,Futebol - MLS (EUA),Atlanta United FC x Philadelphia Union,Virgin Bet,Philadelphia Union,6.25,2.96,3.19,17.83,111.45,R$ 13.27,14/03/2026 16:57:33
14/03 16:15,Futebol - MLS (EUA),Atlanta United FC x Philadelphia Union,Virgin Bet,Draw,3.85,3.23,3.52,4.97,19.15,R$ 4.20,14/03/2026 16:57:33
14/03 16:15,Futebol - MLS (EUA),Atlanta United FC x Philadelphia Union,Casumo,Philadelphia Union,6.50,2.96,3.19,18.45,119.91,R$ 13.63,14/03/2026 16:57:33
14/03 16:15,Futebol - MLS (EUA),Atlanta United FC x Philadelphia Union,Casumo,Draw,4.00,3.23,3.52,5.95,23.79,R$ 4.96,14/03/2026 16:57:33
14/03 16:15,Futebol - MLS (EUA),Atlanta United FC x Philadelphia Union,DraftKings,Philadelphia Union,6.00,2.96,3.19,17.17,102.99,R$ 12.87,14/03/2026 16:57:33
14/03 16:15,Futebol - MLS (EUA),Atlanta United FC x Philadelphia Union,DraftKings,Draw,3.95,3.23,3.52,5.63,22.24,R$ 4.71,14/03/2026 16:57:33
14/03 16:15,Futebol - MLS (EUA),Atlanta United FC x Philadelphia Union,Matchbook,Philadelphia Union,6.60,2.96,3.19,18.68,123.29,R$ 13.76,14/03/2026 16:57:33
14/03 16:15,Futebol - MLS (EUA),Atlanta United FC x Philadelphia Union,Matchbook,Draw,4.10,3.23,3.52,6.56,26.89,R$ 5.42,14/03/2026 16:57:33
14/03 16:42,Basquete - NBA,San Antonio Spurs x Charlotte Hornets,BoyleSports,Charlotte Hornets,4.40,3.95,4.38,2.62,11.51,R$ 2.12,14/03/2026 16:57:33
14/03 16:42,Basquete - NBA,San Antonio Spurs x Charlotte Hornets,William Hill,San Antonio Spurs,1.40,1.34,1.39,3.23,4.52,R$ 7.06,14/03/2026 16:57:33
14/03 16:42,Basquete - NBA,San Antonio Spurs x Charlotte Hornets,Betfair,Charlotte Hornets,4.40,3.95,4.38,2.62,11.51,R$ 2.12,14/03/2026 16:57:33
14/03 16:42,Basquete - NBA,San Antonio Spurs x Charlotte Hornets,BetMGM,Charlotte Hornets,4.40,3.95,4.38,2.62,11.51,R$ 2.12,14/03/2026 16:57:33
14/03 18:35,MMA - UFC,Luan Lacerda x Enrique Hecher Sosa,Betsson,Luan Lacerda,3.00,2.73,2.93,3.27,9.81,R$ 3.07,14/03/2026 16:57:33
14/03 18:35,MMA - UFC,Luan Lacerda x Enrique Hecher Sosa,Nordic Bet,Luan Lacerda,3.00,2.73,2.93,3.27,9.81,R$ 3.07,14/03/2026 16:57:33
